index,case,gid,split,porosity,pe,da,k_abio,dt_s,ade_max_iT,vtk_interval,snapshots,t_end_s
0,run_0000,0,train,0.361528,0.1,0.1,0.0009765625000000004,0.011499999999999998,10121,506,21,116.39149999999998
1,run_0001,0,train,0.361528,0.1,10.0,0.09765625000000003,0.011499999999999998,10121,506,21,116.39149999999998
2,run_0002,0,train,0.361528,0.5,0.1,0.0009765625000000004,0.011499999999999998,7421,371,21,85.34149999999998
3,run_0003,0,train,0.361528,0.5,10.0,0.09765625000000003,0.011499999999999998,7421,371,21,85.34149999999998
4,run_0004,0,train,0.361528,2.0,0.1,0.0009765625000000004,0.011499999999999998,3721,186,21,42.79149999999999
5,run_0005,0,train,0.361528,2.0,10.0,0.09765625000000003,0.011499999999999998,3721,186,21,42.79149999999999
6,run_0006,1,train,0.356944,0.1,0.1,0.0009765625000000004,0.011499999999999998,10121,506,21,116.39149999999998
7,run_0007,1,train,0.356944,0.1,10.0,0.09765625000000003,0.011499999999999998,10121,506,21,116.39149999999998
8,run_0008,1,train,0.356944,0.5,0.1,0.0009765625000000004,0.011499999999999998,7421,371,21,85.34149999999998
9,run_0009,1,train,0.356944,0.5,10.0,0.09765625000000003,0.011499999999999998,7421,371,21,85.34149999999998
10,run_0010,1,train,0.356944,2.0,0.1,0.0009765625000000004,0.011499999999999998,3721,186,21,42.79149999999999
11,run_0011,1,train,0.356944,2.0,10.0,0.09765625000000003,0.011499999999999998,3721,186,21,42.79149999999999
12,run_0012,2,val,0.421701,0.1,0.1,0.0009765625000000004,0.011499999999999998,10121,506,21,116.39149999999998
13,run_0013,2,val,0.421701,0.1,10.0,0.09765625000000003,0.011499999999999998,10121,506,21,116.39149999999998
14,run_0014,2,val,0.421701,0.5,0.1,0.0009765625000000004,0.011499999999999998,7421,371,21,85.34149999999998
15,run_0015,2,val,0.421701,0.5,10.0,0.09765625000000003,0.011499999999999998,7421,371,21,85.34149999999998
16,run_0016,2,val,0.421701,2.0,0.1,0.0009765625000000004,0.011499999999999998,3721,186,21,42.79149999999999
17,run_0017,2,val,0.421701,2.0,10.0,0.09765625000000003,0.011499999999999998,3721,186,21,42.79149999999999
18,run_0018,3,val,0.419792,0.1,0.1,0.0009765625000000004,0.011499999999999998,10121,506,21,116.39149999999998
19,run_0019,3,val,0.419792,0.1,10.0,0.09765625000000003,0.011499999999999998,10121,506,21,116.39149999999998
20,run_0020,3,val,0.419792,0.5,0.1,0.0009765625000000004,0.011499999999999998,7421,371,21,85.34149999999998
21,run_0021,3,val,0.419792,0.5,10.0,0.09765625000000003,0.011499999999999998,7421,371,21,85.34149999999998
22,run_0022,3,val,0.419792,2.0,0.1,0.0009765625000000004,0.011499999999999998,3721,186,21,42.79149999999999
23,run_0023,3,val,0.419792,2.0,10.0,0.09765625000000003,0.011499999999999998,3721,186,21,42.79149999999999
24,run_0024,4,train,0.480139,0.1,0.1,0.0009765625000000004,0.011499999999999998,10121,506,21,116.39149999999998
25,run_0025,4,train,0.480139,0.1,10.0,0.09765625000000003,0.011499999999999998,10121,506,21,116.39149999999998
26,run_0026,4,train,0.480139,0.5,0.1,0.0009765625000000004,0.011499999999999998,7421,371,21,85.34149999999998
27,run_0027,4,train,0.480139,0.5,10.0,0.09765625000000003,0.011499999999999998,7421,371,21,85.34149999999998
28,run_0028,4,train,0.480139,2.0,0.1,0.0009765625000000004,0.011499999999999998,3721,186,21,42.79149999999999
29,run_0029,4,train,0.480139,2.0,10.0,0.09765625000000003,0.011499999999999998,3721,186,21,42.79149999999999
30,run_0030,5,train,0.480486,0.1,0.1,0.0009765625000000004,0.011499999999999998,10121,506,21,116.39149999999998
31,run_0031,5,train,0.480486,0.1,10.0,0.09765625000000003,0.011499999999999998,10121,506,21,116.39149999999998
32,run_0032,5,train,0.480486,0.5,0.1,0.0009765625000000004,0.011499999999999998,7421,371,21,85.34149999999998
33,run_0033,5,train,0.480486,0.5,10.0,0.09765625000000003,0.011499999999999998,7421,371,21,85.34149999999998
34,run_0034,5,train,0.480486,2.0,0.1,0.0009765625000000004,0.011499999999999998,3721,186,21,42.79149999999999
35,run_0035,5,train,0.480486,2.0,10.0,0.09765625000000003,0.011499999999999998,3721,186,21,42.79149999999999
36,run_0036,6,test,0.538368,0.1,0.1,0.0009765625000000004,0.011499999999999998,10121,506,21,116.39149999999998
37,run_0037,6,test,0.538368,0.1,10.0,0.09765625000000003,0.011499999999999998,10121,506,21,116.39149999999998
38,run_0038,6,test,0.538368,0.5,0.1,0.0009765625000000004,0.011499999999999998,7421,371,21,85.34149999999998
39,run_0039,6,test,0.538368,0.5,10.0,0.09765625000000003,0.011499999999999998,7421,371,21,85.34149999999998
40,run_0040,6,test,0.538368,2.0,0.1,0.0009765625000000004,0.011499999999999998,3721,186,21,42.79149999999999
41,run_0041,6,test,0.538368,2.0,10.0,0.09765625000000003,0.011499999999999998,3721,186,21,42.79149999999999
42,run_0042,7,test,0.536736,0.1,0.1,0.0009765625000000004,0.011499999999999998,10121,506,21,116.39149999999998
43,run_0043,7,test,0.536736,0.1,10.0,0.09765625000000003,0.011499999999999998,10121,506,21,116.39149999999998
44,run_0044,7,test,0.536736,0.5,0.1,0.0009765625000000004,0.011499999999999998,7421,371,21,85.34149999999998
45,run_0045,7,test,0.536736,0.5,10.0,0.09765625000000003,0.011499999999999998,7421,371,21,85.34149999999998
46,run_0046,7,test,0.536736,2.0,0.1,0.0009765625000000004,0.011499999999999998,3721,186,21,42.79149999999999
47,run_0047,7,test,0.536736,2.0,10.0,0.09765625000000003,0.011499999999999998,3721,186,21,42.79149999999999
48,run_0048,8,train,0.599757,0.1,0.1,0.0009765625000000004,0.011499999999999998,10121,506,21,116.39149999999998
49,run_0049,8,train,0.599757,0.1,10.0,0.09765625000000003,0.011499999999999998,10121,506,21,116.39149999999998
50,run_0050,8,train,0.599757,0.5,0.1,0.0009765625000000004,0.011499999999999998,7421,371,21,85.34149999999998
51,run_0051,8,train,0.599757,0.5,10.0,0.09765625000000003,0.011499999999999998,7421,371,21,85.34149999999998
52,run_0052,8,train,0.599757,2.0,0.1,0.0009765625000000004,0.011499999999999998,3721,186,21,42.79149999999999
53,run_0053,8,train,0.599757,2.0,10.0,0.09765625000000003,0.011499999999999998,3721,186,21,42.79149999999999
54,run_0054,9,train,0.599583,0.1,0.1,0.0009765625000000004,0.011499999999999998,10121,506,21,116.39149999999998
55,run_0055,9,train,0.599583,0.1,10.0,0.09765625000000003,0.011499999999999998,10121,506,21,116.39149999999998
56,run_0056,9,train,0.599583,0.5,0.1,0.0009765625000000004,0.011499999999999998,7421,371,21,85.34149999999998
57,run_0057,9,train,0.599583,0.5,10.0,0.09765625000000003,0.011499999999999998,7421,371,21,85.34149999999998
58,run_0058,9,train,0.599583,2.0,0.1,0.0009765625000000004,0.011499999999999998,3721,186,21,42.79149999999999
59,run_0059,9,train,0.599583,2.0,10.0,0.09765625000000003,0.011499999999999998,3721,186,21,42.79149999999999
