CH4,SO4,HS,HCO3,CH4_rate,SO4_rate,HS_rate,HCO3_rate,growth
0.0006515653118183062,0.0046152393502449894,6.5973668783412493e-05,0.0034343006228907667,-0.0014238048329328235,-0.0014238048329328235,0.0014238048329328235,0.0014238048329328235,0.0071190241646641172
0.002501396533576174,0.0054581350938257391,0.0018946513457081214,0.00046463598368309545,-0.0026177922164814932,-0.0026177922164814932,0.0026177922164814932,0.0026177922164814932,0.013088961082407466
0.0030114768045405539,0.0030873084753370735,0.00046006930141985025,0.0020495704844382201,-0.0025843214364607552,-0.0025843214364607552,0.0025843214364607552,0.0025843214364607552,0.012921607182303776
0.0001531581517760033,0.0027528082471686604,0.0012199424818042425,0.001054003679504308,-0.00044960251623006581,-0.00044960251623006581,0.00044960251623006581,0.00044960251623006581,0.002248012581150329
0.00074815116204150517,0.0046077548551481298,0.00044441351112926755,0.0012116674992548376,-0.0015442929295348825,-0.0015442929295348825,0.0015442929295348825,0.0015442929295348825,0.0077214646476744123
0.0046417730045722437,0.003867150420266086,0.0011915514127022419,0.0030125099877454666,-0.0029142123586973264,-0.0029142123586973264,0.0029142123586973264,0.0029142123586973264,0.014571061793486632
0.00036139867500944225,0.0056746683557247438,0.00070549408667293313,0.0039104163702229971,-0.00097586124848311382,-0.00097586124848311382,0.00097586124848311382,0.00097586124848311382,0.0048793062424155693
0.00065757200750249704,0.0074893842285782969,0.00063717290909861874,0.0011877393723279525,-0.00148752306524317,-0.00148752306524317,0.00148752306524317,0.00148752306524317,0.0074376153262158493
0.0047421589819259579,0.0067798857232786768,0.00094879639036078549,0.0022159958760434189,-0.0030765126154674079,-0.0030765126154674079,0.0030765126154674079,0.0030765126154674079,0.015382563077337038
0.0031131991280539508,0.0031058887907573695,0.0011726388777758793,0.0013102180954735762,-0.0026077186273114911,-0.0026077186273114911,0.0026077186273114911,0.0026077186273114911,0.013038593136557456
0.0018512756874116572,0.0029860884448686675,0.0011963710276239787,0.0003423429958646397,-0.0022246215691836169,-0.0022246215691836169,0.0022246215691836169,0.0022246215691836169,0.011123107845918086
0.0025618362087982808,0.007415389829717403,0.0013769973663260251,0.0024496311768614633,-0.0026952501871518688,-0.0026952501871518688,0.0026952501871518688,0.0026952501871518688,0.013476250935759345
0.0033175863330588288,0.003163029055178926,0.00053717204020983528,0.00070587764298871798,-0.0026540189048021266,-0.0026540189048021266,0.0026540189048021266,0.0026540189048021266,0.013270094524010633
0.0013837909906480354,0.0064039094943050242,0.00018320510077747331,0.0027819036251192902,-0.0021538349109128884,-0.0021538349109128884,0.0021538349109128884,0.0021538349109128884,0.010769174554564441
0.00069846068360610719,0.00075100785853761496,0.0005067023781121818,0.0030141305052618921,-0.0009874858961178251,-0.0009874858961178251,0.0009874858961178251,0.0009874858961178251,0.004937429480589125
0.0039423175765749196,0.0036143522548881092,0.00065340073251884761,0.00065514284867171867,-0.0028029151724454381,-0.0028029151724454381,0.0028029151724454381,0.0028029151724454381,0.014014575862227192
0.0033550993146713943,0.004134746966725977,0.0012147473914342235,0.0024255061156940824,-0.002749097967867088,-0.002749097967867088,0.002749097967867088,0.002749097967867088,0.013745489839335439
0.0025667877442809707,0.0064726171935224125,0.00082876932841664374,0.00091261751141163082,-0.0026721250763550495,-0.0026721250763550495,0.0026721250763550495,0.0026721250763550495,0.013360625381775248
0.0040855148154885935,0.0070221051109586917,0.00062252353055418635,0.003076229658029248,-0.0029998516985820459,-0.0029998516985820459,0.0029998516985820459,0.0029998516985820459,0.01499925849291023
0.0027498855916614317,0.0012297472238241597,0.00019668594266814644,0.0012151511148041608,-0.0020854021055074358,-0.0020854021055074358,0.0020854021055074358,0.0020854021055074358,0.010427010527537179
0.0049047590600935541,0.0049410749967580521,0.0011932764531326606,0.0027893337867852678,-0.0030172564332908236,-0.0030172564332908236,0.0030172564332908236,0.0030172564332908236,0.015086282166454117
0.001030502212036924,0.0050368252288759841,0.00021994944998335807,0.0026267820802069147,-0.0018467219843490259,-0.0018467219843490259,0.0018467219843490259,0.0018467219843490259,0.0092336099217451301
0.002773114510697487,0.001220806404848183,0.0010337899785207636,0.0023432226120935619,-0.0020856555915093208,-0.0020856555915093208,0.0020856555915093208,0.0020856555915093208,0.010428277957546602
0.002423287237647705,0.0066702399441540541,0.001376719711931319,0.00094882301844639177,-0.0026340821365321561,-0.0026340821365321561,0.0026340821365321561,0.0026340821365321561,0.013170410682660781
0.0017728415267516363,0.0044321743896398634,0.0012461965487416786,0.0033536880601495208,-0.0022981759417745979,-0.0022981759417745979,0.0022981759417745979,0.0022981759417745979,0.011490879708872989
0.0029620605667057274,0.0076941141536509741,0.00031944300624808911,0.0014838185528393826,-0.0028079503942327597,-0.0028079503942327597,0.0028079503942327597,0.0028079503942327597,0.014039751971163798
0.0011841531460212271,0.0014986271578910542,0.00071192304393850978,0.0031051891238146022,-0.0016260975374172574,-0.0016260975374172574,0.0016260975374172574,0.0016260975374172574,0.0081304876870862859
0.0040129913920546323,0.0042045111191084663,0.0018818683423153916,0.001952391290820245,-0.0028617537898450551,-0.0028617537898450551,0.0028617537898450551,0.0028617537898450551,0.014308768949225274
0.0043379944236936491,0.0025943793146648649,0.00018154667039812478,0.0018475083601761258,-0.0027254033708160922,-0.0027254033708160922,0.0027254033708160922,0.0027254033708160922,0.013627016854080461
0.00065251075942697673,0.0051433757876079046,0.0013575199183344785,0.0028776671303444583,-0.0014395032784649112,-0.0014395032784649112,0.0014395032784649112,0.0014395032784649112,0.0071975163923245558
0.002340695301623973,0.0048685163518761582,0.00087281399831048631,0.001429352966880732,-0.0025416184895046875,-0.0025416184895046875,0.0025416184895046875,0.0025416184895046875,0.012708092447523437
0.0013929530137431847,0.0041042904848427554,0.0012270053557405687,0.0030775084341220183,-0.0020755713280729243,-0.0020755713280729243,0.0020755713280729243,0.0020755713280729243,0.010377856640364622
0.00042475381869885962,0.002605601741219469,0.00078743960558787208,0.0018351910306041428,-0.0010005060702705769,-0.0010005060702705769,0.0010005060702705769,0.0010005060702705769,0.0050025303513528841
0.0044807620981693339,0.0040365069906084343,0.00024757083882110575,0.0029881083779154322,-0.0029097458048501427,-0.0029097458048501427,0.0029097458048501427,0.0029097458048501427,0.014548729024250714
0.0021554439733186986,0.0029843245074678477,0.0011247903130338368,0.002820432851596234,-0.0023402578266643339,-0.0023402578266643339,0.0023402578266643339,0.0023402578266643339,0.01170128913332167
0.00074697958681084952,0.0071273329851775247,1.2211193301186807e-05,0.0037867711463523035,-0.0015982151282860494,-0.0015982151282860494,0.0015982151282860494,0.0015982151282860494,0.007991075641430246
0.0033700781628067953,0.0036975715730385036,0.0017280923379301956,0.001693707583075593,-0.0027172477601107004,-0.0027172477601107004,0.0027172477601107004,0.0027172477601107004,0.013586238800553502
0.0010190579786623106,0.0038071161415703684,0.0015974854830506334,0.0014610604500870452,-0.0017845126785413696,-0.0017845126785413696,0.0017845126785413696,0.0017845126785413696,0.0089225633927068476
0.0045081410826540028,0.002075886508383978,0.00074751909084074095,0.0039798362853516638,-0.0026383312199415435,-0.0026383312199415435,0.0026383312199415435,0.0026383312199415435,0.013191656099707717
0.0010935698045184557,0.0020381432988892242,0.0010747012105479579,0.0021137578695968762,-0.0016777901212325828,-0.0016777901212325828,0.0016777901212325828,0.0016777901212325828,0.0083889506061629125
0.00017504269001336918,0.0076315618622780825,0.0010550041843302193,0.0017320271016852762,-0.00055922912773699292,-0.00055922912773699292,0.00055922912773699292,0.00055922912773699292,0.0027961456386849646
0.0010118370812644845,0.002518893694640608,0.0019593454463359707,0.0028328521463324057,-0.0016785712980412612,-0.0016785712980412612,0.0016785712980412612,0.0016785712980412612,0.0083928564902063067
0.0017352818900406414,0.0069480497455390883,8.7444106051457246e-05,0.0010755078835273603,-0.00236727268052387,-0.00236727268052387,0.00236727268052387,0.00236727268052387,0.01183636340261935
0.0023498517354781988,0.0047622663208535957,0.00059536723162349173,0.0038352278724709493,-0.0025393099948024301,-0.0025393099948024301,0.0025393099948024301,0.0025393099948024301,0.01269654997401215
0.0045316103510888474,0.0078443522741677464,0.00081404501368456824,0.0030400182877338964,-0.0030805299046132635,-0.0030805299046132635,0.0030805299046132635,0.0030805299046132635,0.015402649523066319
0.0034898318327941263,0.0013209559210645382,0.001574830206314771,0.0026312331930715806,-0.0022553986132709493,-0.0022553986132709493,0.0022553986132709493,0.0022553986132709493,0.011276993066354747
0.001703210097104802,0.0075331756256379967,0.0014600245257761488,0.001238211942897539,-0.0023634109541649322,-0.0023634109541649322,0.0023634109541649322,0.0023634109541649322,0.011817054770824661
9.4217303336514255e-05,0.0061820330907355154,0.00084672249866630687,0.0032563700023964378,-0.00031864696499958638,-0.00031864696499958638,0.00031864696499958638,0.00031864696499958638,0.001593234824997932
0.00080752023358385521,0.0045484174761196957,2.3385243694828752e-05,0.0036846073877115741,-0.0016100349175359994,-0.0016100349175359994,0.0016100349175359994,0.0016100349175359994,0.0080501745876799969
0.0049822150189429556,0.0056737640707633765,0.001295887872374884,0.0031864992295091992,-0.0030615523004577931,-0.0030615523004577931,0.0030615523004577931,0.0030615523004577931,0.015307761502288965
0.0023039827396669913,0.0057822650700737853,0.00081350223952909807,0.0036579290660419951,-0.0025673387897426677,-0.0025673387897426677,0.0025673387897426677,0.0025673387897426677,0.012836693948713339
0.0034582891824306091,0.0035925904789000161,0.0002336221282454114,0.0004595451832740066,-0.0027237201731711677,-0.0027237201731711677,0.0027237201731711677,0.0027237201731711677,0.013618600865855838
0.00028279362639517167,0.0050794804953733707,0.0012620090571943622,0.0029907757774026329,-0.00080278333480896002,-0.00080278333480896002,0.00080278333480896002,0.00080278333480896002,0.0040139166740448002
0.00017991089194571767,0.0018361948612661064,0.00088980460164553743,0.0034785939630385802,-0.00047937782557419523,-0.00047937782557419523,0.00047937782557419523,0.00047937782557419523,0.0023968891278709765
0.0042309916311608371,0.00018066763958840738,0.00061280905085916461,0.0019570605751522319,-0.00085874337416711366,-0.00085874337416711366,0.00085874337416711366,0.00085874337416711366,0.0042937168708355681
0.0029435308839276344,0.0054152808240150443,0.00053829788279797207,0.00041255582254791411,-0.0027333104236539969,-0.0027333104236539969,0.0027333104236539969,0.0027333104236539969,0.013666552118269984
0.0015504616185907647,0.003800911610147473,0.0010416398577636297,0.00221604987204871,-0.0021489656411829861,-0.0021489656411829861,0.0021489656411829861,0.0021489656411829861,0.010744828205914931
0.001593709425023874,0.0072454690629127801,0.00049533692495930227,0.0010459006905755622,-0.0022991462346739757,-0.0022991462346739757,0.0022991462346739757,0.0022991462346739757,0.01149573117336988
0.00045529389954456645,0.0021196605038282918,0.00078657316571271953,0.00022715086462330407,-0.0010125638280489963,-0.0010125638280489963,0.0010125638280489963,0.0010125638280489963,0.0050628191402449819
0.00087162130953179152,0.0065455095171979378,0.0018839300313010542,0.0037496060447116415,-0.001730616747905783,-0.001730616747905783,0.001730616747905783,0.001730616747905783,0.0086530837395289145
0.00013268467625127966,0.0078907558304427833,0.00095550668228450825,0.0033460152462923103,-0.00044064541628744449,-0.00044064541628744449,0.00044064541628744449,0.00044064541628744449,0.0022032270814372223
0.0041972329933801806,0.0071856820419879943,0.00050697159563101082,0.0025744085377326937,-0.0030202052991009894,-0.0030202052991009894,0.0030202052991009894,0.0030202052991009894,0.015101026495504948
0.0023368529540437944,0.0077156003427741463,0.0010425088818684677,0.0030191832222244606,-0.0026307811847726065,-0.0026307811847726065,0.0026307811847726065,0.0026307811847726065,0.013153905923863033
0.00064474255113206676,0.0012809371473152479,0.0018346471269885959,0.0027186372468747636,-0.0011277884024434748,-0.0011277884024434748,0.0011277884024434748,0.0011277884024434748,0.0056389420122173739
0.0036988419014281236,0.0013289881160390993,0.0017324985283117867,0.0019050518958358094,-0.0022879426863894135,-0.0022879426863894135,0.0022879426863894135,0.0022879426863894135,0.011439713431947067
0.00098630762142715156,0.0018341678636039614,0.0013544998732232369,0.00057295889538882345,-0.0015607482829376139,-0.0015607482829376139,0.0015607482829376139,0.0015607482829376139,0.0078037414146880689
0.00031898197339077838,0.0028982485697048991,0.0017981113516038049,0.0012260961645075839,-0.00082502623556924551,-0.00082502623556924551,0.00082502623556924551,0.00082502623556924551,0.004125131177846228
0.0029959766155469507,0.00093205375763085092,0.0015132814968514103,0.0020736735170468297,-0.0019518979726952279,-0.0019518979726952279,0.0019518979726952279,0.0019518979726952279,0.0097594898634761409
0.0044798311811889953,0.0012140205380752687,0.0013602943655149321,0.0023701317803657921,-0.0023161382178204831,-0.0023161382178204831,0.0023161382178204831,0.0023161382178204831,0.011580691089102415
0.00014444762280966698,0.00015763144772541629,0.00085611645081925451,0.0012758728892817144,-0.00012101376147253911,-0.00012101376147253911,0.00012101376147253911,0.00012101376147253911,0.00060506880736269553
0.0040276285895594292,0.0074669787818576697,0.00029879818949244075,0.00059615619407356432,-0.003003291423184189,-0.003003291423184189,0.003003291423184189,0.003003291423184189,0.015016457115920945
0.00095894838347442056,0.0028950403677151172,0.0014640690553410281,0.001435149057816201,-0.0016697133177427381,-0.0016697133177427381,0.0016697133177427381,0.0016697133177427381,0.0083485665887136906
0.00047357809396637027,0.0050119906227106808,0.0012685254598149035,0.00082397439405962217,-0.0011689077002316152,-0.0011689077002316152,0.0011689077002316152,0.0011689077002316152,0.0058445385011580758
9.9630557906255258e-05,0.0036417382838624785,0.0019357574218245191,0.0037292513365674807,-0.00031866314119474373,-0.00031866314119474373,0.00031866314119474373,0.00031866314119474373,0.0015933157059737188
0.0014719455843903093,0.0059469792856385361,0.00064199185143849237,0.00096175352294353427,-0.0021971160220317712,-0.0021971160220317712,0.0021971160220317712,0.0021971160220317712,0.010985580110158856
0.003638287602469772,0.0064510015485816277,0.0017534790954503059,0.0016368404469378484,-0.0029119177564685423,-0.0029119177564685423,0.0029119177564685423,0.0029119177564685423,0.014559588782342711
0.0024709629655305038,0.003070087554593994,0.00043711782819348265,0.0022132624278244839,-0.0024487708217367167,-0.0024487708217367167,0.0024487708217367167,0.0024487708217367167,0.012243854108683583
0.0042660707723280933,0.0042872488160656088,0.0018925142976506419,0.0010839495816780678,-0.0029019775242324591,-0.0029019775242324591,0.0029019775242324591,0.0029019775242324591,0.014509887621162294
0.0010938844045722369,0.00078895918220664896,0.0019915995164939393,0.0020301175264626362,-0.001279069343917742,-0.001279069343917742,0.001279069343917742,0.001279069343917742,0.0063953467195887103
0.0015827619082457241,0.0022909564687888071,9.4338279057311957e-05,0.0022555980564192956,-0.0020121251191674741,-0.0020121251191674741,0.0020121251191674741,0.0020121251191674741,0.010060625595837371
0.001298122850754396,0.0017898445934410472,0.00064926800571883116,0.00029151219014411113,-0.0017660860517092153,-0.0017660860517092153,0.0017660860517092153,0.0017660860517092153,0.0088304302585460771
0.004891722675197943,0.0024753877494127288,0.0019965327183854159,0.0037949276076899691,-0.0027629892138594033,-0.0027629892138594033,0.0027629892138594033,0.0027629892138594033,0.013814946069297016
0.00470561991331066,0.0026023728369022163,0.0019366232751669796,0.0021980943545678367,-0.002767257206253983,-0.002767257206253983,0.002767257206253983,0.002767257206253983,0.013836286031269915
0.0017100240175239804,0.0046042857131993352,0.001341251593934281,0.00066959690708768703,-0.0022767552724293001,-0.0022767552724293001,0.0022767552724293001,0.0022767552724293001,0.0113837763621465
0.0021856475029257321,0.0026688323582038675,0.00026896549655463419,0.0039314301404234312,-0.0023113431337815869,-0.0023113431337815869,0.0023113431337815869,0.0023113431337815869,0.011556715668907935
0.001578454947232226,0.0026216206575348897,1.3235142986639526e-05,0.00075614685642293893,-0.00205646990804751,-0.00205646990804751,0.00205646990804751,0.00205646990804751,0.010282349540237551
0.0037350794973539992,0.0066519613603240454,0.00049846131993508717,0.0029370568503749956,-0.0029346554870137275,-0.0029346554870137275,0.0029346554870137275,0.0029346554870137275,0.014673277435068638
0.0002096653817404193,0.00010702283072114113,0.0018888691628502182,0.0019815322768773837,-0.00012223423995811811,-0.00012223423995811811,0.00012223423995811811,0.00012223423995811811,0.00061117119979059052
0.00034652027612921022,5.2024869033197273e-05,0.0016098199128046066,0.0011044471221443894,-9.7012589669605488e-05,-9.7012589669605488e-05,9.7012589669605488e-05,9.7012589669605488e-05,0.00048506294834802747
0.0020261475614673473,0.00046636190467899935,0.00085699804268049313,0.0015805172106025994,-0.0012924811783628809,-0.0012924811783628809,0.0012924811783628809,0.0012924811783628809,0.0064624058918144045
0.0012330193150591796,0.0069257061814864841,0.0015224595111590707,0.0019766652479764192,-0.0020599832699450971,-0.0020599832699450971,0.0020599832699450971,0.0020599832699450971,0.010299916349725486
0.0042276726586891224,0.0050735830192242398,0.0018045583600481067,0.0015465856631074963,-0.0029446471097007245,-0.0029446471097007245,0.0029446471097007245,0.0029446471097007245,0.014723235548503622
0.0037116174114116981,0.0058264260415021914,0.00059982497489592147,0.001063382986401172,-0.0029019971353392601,-0.0029019971353392601,0.0029019971353392601,0.0029019971353392601,0.014509985676696301
0.0027335119727895543,0.0076619331965272156,0.001748788963577933,0.0017227203393551805,-0.0027492152775062959,-0.0027492152775062959,0.0027492152775062959,0.0027492152775062959,0.013746076387531479
0.0033107628164243683,0.0017518216343843243,0.00053907502606552037,0.0017996313887736481,-0.0023899555862308321,-0.0023899555862308321,0.0023899555862308321,0.0023899555862308321,0.011949777931154161
0.0034644727423577704,0.0073608012977457215,0.00065740472133251097,0.002782228052341666,-0.002906599805245714,-0.002906599805245714,0.002906599805245714,0.002906599805245714,0.014532999026228569
0.0039074635687577275,0.001948376846654516,8.9440279832891489e-05,0.00087045698331745202,-0.0025345014311779707,-0.0025345014311779707,0.0025345014311779707,0.0025345014311779707,0.012672507155889853
0.0046382379596072573,0.0041557371503494018,0.00032036622895863578,0.00027736945482894243,-0.0029371710126390033,-0.0029371710126390033,0.0029371710126390033,0.0029371710126390033,0.014685855063195016
0.00075717851720078747,0.0054517510606183119,0.0011017274831775189,0.0033516979476540657,-0.0015788237419701221,-0.0015788237419701221,0.0015788237419701221,0.0015788237419701221,0.0078941187098506109
0.003134389487149454,0.0063800978104060838,4.7879475161164864e-05,0.00037024638759786772,-0.0028121228547852645,-0.0028121228547852645,0.0028121228547852645,0.0028121228547852645,0.014060614273926322
0.00072667100113564217,0.0019924075715935731,0.0010915941954700297,0.0025625911764676182,-0.0013456971946442396,-0.0013456971946442396,0.0013456971946442396,0.0013456971946442396,0.0067284859732211983
0.0022212233970106375,0.0038214226394585747,0.00033995999912063993,0.0022409337225799569,-0.0024391006123342307,-0.0024391006123342307,0.0024391006123342307,0.0024391006123342307,0.012195503061671152
0.0039335610952324221,0.00037426998231632094,0.001497507772835459,0.0039026201195009659,-0.0013652896875837243,-0.0013652896875837243,0.0013652896875837243,0.0013652896875837243,0.0068264484379186212
0.004474541990493866,0.0023101494876765268,0.00025597102405764207,0.0008407190047983661,-0.0026876421818921312,-0.0026876421818921312,0.0026876421818921312,0.0026876421818921312,0.013438210909460657
0.0037985484890814035,0.0078479315711927327,0.00041402658569848262,0.0035619366065917477,-0.0029767619478246864,-0.0029767619478246864,0.0029767619478246864,0.0029767619478246864,0.014883809739123432
0.00018668693836715273,0.0072417756428979586,0.00053780093645296786,0.0006081526681687001,-0.00058862980292075421,-0.00058862980292075421,0.00058862980292075421,0.00058862980292075421,0.0029431490146037708
0.0018034662614045459,0.0046609035991986361,0.0011654397877985851,0.00076887139606232873,-0.0023238979517647548,-0.0023238979517647548,0.0023238979517647548,0.0023238979517647548,0.011619489758823773
0.00082365359378342936,0.0062940826920213069,0.0016169732931643698,0.0026498263188404086,-0.0016736469798462412,-0.0016736469798462412,0.0016736469798462412,0.0016736469798462412,0.0083682348992312073
0.0049940244132856849,0.0072186620298608185,0.0015064219396495211,0.00074609952867742569,-0.0031167848825241311,-0.0031167848825241311,0.0031167848825241311,0.0031167848825241311,0.015583924412620655
0.00072863663457388656,0.0026615219786582361,0.0014824754547825775,0.0023873888262488374,-0.0014193880131164918,-0.0014193880131164918,0.0014193880131164918,0.0014193880131164918,0.0070969400655824591
0.0012291290698039502,0.0078441987934205742,0.0013634268029661422,0.0027325577410274994,-0.0020734148999045901,-0.0020734148999045901,0.0020734148999045901,0.0020734148999045901,0.010367074499522951
0.00179252636676984,0.0035937459878313638,0.0010867073870097696,0.00058918906021822369,-0.0022540043350631461,-0.0022540043350631461,0.0022540043350631461,0.0022540043350631461,0.01127002167531573
0.00031382464751684801,0.00127958240986056,0.00068524653402419068,0.0031816142641760241,-0.0006870048340692084,-0.0006870048340692084,0.0006870048340692084,0.0006870048340692084,0.003435024170346042
0.0043532207360462358,0.0042452933901273469,0.00035972816581143996,0.0017500536773074867,-0.0029100481135642272,-0.0029100481135642272,0.0029100481135642272,0.0029100481135642272,0.014550240567821136
0.0031854434950969904,0.0047532048381592742,0.0017274840390443715,0.0038715296666272203,-0.0027545496755510238,-0.0027545496755510238,0.0027545496755510238,0.0027545496755510238,0.01377274837775512
0.00080714371739251548,0.0055457482919786753,0.00081837879066882894,0.00014460060884021719,-0.0016388087045180863,-0.0016388087045180863,0.0016388087045180863,0.0016388087045180863,0.0081940435225904325
0.0024963601029856257,0.0053709138964325989,0.001300415345263107,0.00040653027649162029,-0.002612724077771546,-0.002612724077771546,0.002612724077771546,0.002612724077771546,0.013063620388857729
0.00040256209558843861,0.00034114674496992756,0.00013655869482072713,0.0025185286007436041,-0.00046562923151957533,-0.00046562923151957533,0.00046562923151957533,0.00046562923151957533,0.0023281461575978767
0.0030587891389258796,0.0051159653534289138,0.00072175933491947604,0.0011031143558805764,-0.0027460991646751985,-0.0027460991646751985,0.0027460991646751985,0.0027460991646751985,0.013730495823375993
0.0011659995082063139,0.0073737835096041246,0.00020083132917448699,0.0016704812674269245,-0.0020165403573705839,-0.0020165403573705839,0.0020165403573705839,0.0020165403573705839,0.010082701786852921
0.00020280827499514494,0.0053641486752013844,0.00070906664952504221,0.0036446356174370219,-0.00061694306836426922,-0.00061694306836426922,0.00061694306836426922,0.00061694306836426922,0.003084715341821346
0.00058503514343257357,0.0078019739295102971,0.00146647260054018,0.0014409777140318475,-0.0013874782383151861,-0.0013874782383151861,0.0013874782383151861,0.0013874782383151861,0.0069373911915759307
0.0027807604868749034,0.0040969464504874899,0.0006822848888111099,0.00029986459629097932,-0.0026220154860995522,-0.0026220154860995522,0.0026220154860995522,0.0026220154860995522,0.013110077430497762
0.0031885332486813293,0.006483565966003065,0.001364374688612421,0.00065780833062454864,-0.002826999086442445,-0.002826999086442445,0.002826999086442445,0.002826999086442445,0.014134995432212225
0.0016307552291996436,0.0011307768905975549,0.00024633866758777832,0.0022667090858834687,-0.0017192962052631577,-0.0017192962052631577,0.0017192962052631577,0.0017192962052631577,0.0085964810263157877
0.0032208276235098235,0.0071653749323284726,0.0007699428152545631,0.0031216248025425302,-0.0028532207607316596,-0.0028532207607316596,0.0028532207607316596,0.0028532207607316596,0.014266103803658298
0.0017668098385439776,0.003497139931726193,0.00082015916408457133,0.003055307382599206,-0.0022347767624676254,-0.0022347767624676254,0.0022347767624676254,0.0022347767624676254,0.011173883812338126
0.00066198844388326171,0.0070145879753758991,0.0010180937981629063,0.0019390433683255386,-0.0014872342999081337,-0.0014872342999081337,0.0014872342999081337,0.0014872342999081337,0.0074361714995406685
0.0015828993067976025,0.0025734194831125564,0.00045678119832618736,0.0010345630713812677,-0.0020525537988968878,-0.0020525537988968878,0.0020525537988968878,0.0020525537988968878,0.010262768994484439
0.0019823884490065597,0.004998319193946962,0.0013973550156234228,0.00060118266937445996,-0.0024170107371347897,-0.0024170107371347897,0.0024170107371347897,0.0024170107371347897,0.012085053685673948
0.0045640677851684431,0.0067742823030081519,0.0017646181612370659,0.00097070083116803914,-0.0030555739908458552,-0.0030555739908458552,0.0030555739908458552,0.0030555739908458552,0.015277869954229277
0.00058714526486158423,0.0056937418815288989,0.0016252599560118272,0.00088146021167160302,-0.0013602964004609639,-0.0013602964004609639,0.0013602964004609639,0.0013602964004609639,0.0068014820023048197
0.00043995781393059495,0.0049632322305750778,6.1753038762164095e-05,0.0036389364911594106,-0.0011102893970536729,-0.0011102893970536729,0.0011102893970536729,0.0011102893970536729,0.005551446985268365
0.0028118951150878473,0.0077654691447524501,0.00097622719825600762,0.0016902344283526701,-0.0027721604012911506,-0.0027721604012911506,0.0027721604012911506,0.0027721604012911506,0.013860802006455753
0.0048173300144644313,0.00071309353563522122,0.0006880119370292826,0.00055507252602410913,-0.0019471297819879593,-0.0019471297819879593,0.0019471297819879593,0.0019471297819879593,0.0097356489099397966
0.0045372030800213967,0.00082494228024849298,0.0011456868220043512,0.0025887791699315335,-0.0020407244201645718,-0.0020407244201645718,0.0020407244201645718,0.0020407244201645718,0.010203622100822858
0.0035042178483450292,0.0044171266509490251,0.00016658031306303857,0.0018832180284446957,-0.002795504261882127,-0.002795504261882127,0.002795504261882127,0.002795504261882127,0.013977521309410634
0.00034308622576181993,0.0076379740797178275,0.0014592775169425161,0.00021340871031461905,-0.0009590058501740301,-0.0009590058501740301,0.0009590058501740301,0.0009590058501740301,0.0047950292508701512
0.0040339431071616371,0.0054949552049833482,0.00083355349761303303,0.0039210676565853879,-0.0029380533075864866,-0.0029380533075864866,0.0029380533075864866,0.0029380533075864866,0.014690266537932433
0.0034200399395369666,0.0024840589728591586,0.0018878184134974731,0.0037905472327265906,-0.002576436693934897,-0.002576436693934897,0.002576436693934897,0.002576436693934897,0.012882183469674485
0.00072821189386213284,0.00087066336976395712,3.8150739017460914e-05,0.0011240968124559027,-0.0010706320406685718,-0.0010706320406685718,0.0010706320406685718,0.0010706320406685718,0.0053531602033428591
0.0023300691928765833,0.0035918068740016101,0.00083548715171246604,0.003348658983654921,-0.0024568203537596168,-0.0024568203537596168,0.0024568203537596168,0.0024568203537596168,0.012284101768798085
0.00025612005034387505,0.0038475198814250035,0.00097340019467305331,0.001874909668803761,-0.00072179142429890401,-0.00072179142429890401,0.00072179142429890401,0.00072179142429890401,0.0036089571214945201
0.0040113610667704015,0.0037515166198283669,0.0016621664792504359,0.0027273165269505379,-0.0028252640632670575,-0.0028252640632670575,0.0028252640632670575,0.0028252640632670575,0.014126320316335287
0.0035959847437695321,0.0049584895184807808,0.0015127743985654557,0.0026480774229824082,-0.0028429955002434765,-0.0028429955002434765,0.0028429955002434765,0.0028429955002434765,0.014214977501217384
0.0040250942185910835,0.0021896962711898177,0.00036404382485743294,0.0029543739344449617,-0.0026083896659117832,-0.0026083896659117832,0.0026083896659117832,0.0026083896659117832,0.013041948329558916
0.0038044740466946845,0.0070443410601672618,0.00061546913250941707,0.0018179340398046882,-0.0029575209288346294,-0.0029575209288346294,0.0029575209288346294,0.0029575209288346294,0.014787604644173146
0.00134361530904386,0.0023137468409936339,0.0014715460183288207,0.00067166126897496095,-0.0018857296381870681,-0.0018857296381870681,0.0018857296381870681,0.0018857296381870681,0.00942864819093534
0.0039508051673226201,0.00086551981718642663,0.00083941370687550638,0.0032367712460228295,-0.0020232464064290894,-0.0020232464064290894,0.0020232464064290894,0.0020232464064290894,0.010116232032145447
0.001253361523142828,0.0027981783844972384,0.00052609430366423987,0.0018176442028343457,-0.0018875859301760293,-0.0018875859301760293,0.0018875859301760293,0.0018875859301760293,0.0094379296508801461
0.00069809843490260121,0.0074863762587759168,0.0018613005063944361,0.0018240167289850201,-0.001541472131602051,-0.001541472131602051,0.001541472131602051,0.001541472131602051,0.0077073606580102547
0.0019580462677096476,0.0012837947765890426,0.0016862766902158604,0.0030611028457991464,-0.00190558662059852,-0.00190558662059852,0.00190558662059852,0.00190558662059852,0.0095279331029926011
0.0024942233609262306,0.0022287328352305004,0.00071077751062473228,0.0027729954490632032,-0.0023320704476328382,-0.0023320704476328382,0.0023320704476328382,0.0023320704476328382,0.011660352238164192
0.0014362525167084838,0.007413334797655869,0.0010990768227732756,0.0039570180787814506,-0.002209136579966629,-0.002209136579966629,0.002209136579966629,0.002209136579966629,0.011045682899833145
0.0030328566937240491,0.0027911723560891692,0.0018583842886759113,0.0016128912025897642,-0.0025511448627458196,-0.0025511448627458196,0.0025511448627458196,0.0025511448627458196,0.0127557243137291
0.0030164936087548784,0.0067463261567677468,0.00043311476427801399,0.0025759656423024672,-0.0027968216741666818,-0.0027968216741666818,0.0027968216741666818,0.0027968216741666818,0.013984108370833408
0.0012066901144894393,0.00037300080968345756,0.0018182736065324662,0.00042669461792351328,-0.0009345650266614602,-0.0009345650266614602,0.0009345650266614602,0.0009345650266614602,0.0046728251333073012
0.0031166117642849179,0.0071089923491842854,0.0017689450080919909,0.00053895054943561079,-0.0028293305281728918,-0.0028293305281728918,0.0028293305281728918,0.0028293305281728918,0.014146652640864458
0.0017926920585953406,0.0019058529278658163,0.0014529777123940802,0.001093330465175797,-0.0020340561835669548,-0.0020340561835669548,0.0020340561835669548,0.0020340561835669548,0.010170280917834774
0.0036761010972822142,0.0014527265855744848,0.001372120134164614,0.0011917922368036094,-0.002339408110072144,-0.002339408110072144,0.002339408110072144,0.002339408110072144,0.011697040550360721
0.0014591855785784295,0.0059405253844414781,0.001370053605946642,0.0018401795373561118,-0.0021891865765393125,-0.0021891865765393125,0.0021891865765393125,0.0021891865765393125,0.010945932882696562
0.0039959792099134497,0.007915795889163562,0.0010884346771480227,0.00099237367877849409,-0.0030092757286245969,-0.0030092757286245969,0.0030092757286245969,0.0030092757286245969,0.015046378643122985
0.0020814012996181936,0.0076746664043232564,0.0011645773506285448,0.0037509396528146847,-0.0025366293874736151,-0.0025366293874736151,0.0025366293874736151,0.0025366293874736151,0.012683146937368075
0.0027706687697875996,0.0060209846043006027,0.00039467373721130828,0.0017691794850666583,-0.0027138170002543229,-0.0027138170002543229,0.0027138170002543229,0.0027138170002543229,0.013569085001271615
0.0033699981452232951,0.0073151160240580377,0.0011252153313638874,0.001591175146289657,-0.0028873151480331549,-0.0028873151480331549,0.0028873151480331549,0.0028873151480331549,0.014436575740165774
0.002596703103752217,0.0078966203567666128,0.0013458777978790737,0.003617932898025237,-0.0027159041595879638,-0.0027159041595879638,0.0027159041595879638,0.0027159041595879638,0.01357952079793982
0.0012955146455358134,0.0044266755214996774,0.00097108624951676025,0.0032032922202122199,-0.0020283643994824163,-0.0020283643994824163,0.0020283643994824163,0.0020283643994824163,0.010141821997412081
0.0048971141166121264,0.0011654497861892036,0.0013585692587209,0.0031036962074019936,-0.0023244633721869225,-0.0023244633721869225,0.0023244633721869225,0.0023244633721869225,0.011622316860934612
0.00048931648036784734,0.0067965954328160546,0.00091638767683585695,0.0036649844625814177,-0.0012241481808505988,-0.0012241481808505988,0.0012241481808505988,0.0012241481808505988,0.006120740904252994
0.001631369143821601,0.0031731001669878631,0.0016069683894448948,0.0029726164409372914,-0.002142305818363284,-0.002142305818363284,0.002142305818363284,0.002142305818363284,0.01071152909181642
0.002750070367431363,0.0025080988106158416,0.0014417862583065908,0.0012919043734620091,-0.0024457773856138695,-0.0024457773856138695,0.0024457773856138695,0.0024457773856138695,0.012228886928069347
0.00015321535659222038,0.0040122735226511552,0.0001780887984333397,0.0038491898732614734,-0.00047254914847225246,-0.00047254914847225246,0.00047254914847225246,0.00047254914847225246,0.0023627457423612626
0.00078301629959920838,0.00028860508343027055,0.0015386201516394994,0.00020587286774768166,-0.00064286515243005518,-0.00064286515243005518,0.00064286515243005518,0.00064286515243005518,0.0032143257621502757
0.0039983294486173838,0.00015941689890547155,0.00056960808420771229,0.0035986942295323471,-0.00077354925668959406,-0.00077354925668959406,0.00077354925668959406,0.00077354925668959406,0.00386774628344797
0.0039212337661553775,0.0021218782109091432,0.00016285915049318113,0.0017357235850930064,-0.0025793879620810778,-0.0025793879620810778,0.0025793879620810778,0.0025793879620810778,0.01289693981040539
0.0031884623216443028,0.0047710453048576372,0.00024244464439213042,0.0014168912565141452,-0.0027561538669101499,-0.0027561538669101499,0.0027561538669101499,0.0027561538669101499,0.01378076933455075
0.0045099803038709954,0.0059978255388050319,0.00064798197777921377,0.001950850557473424,-0.0030221107278644893,-0.0030221107278644893,0.0030221107278644893,0.0030221107278644893,0.015110553639322448
0.0037800617826519085,0.0076579672590756506,0.0010492848809088228,0.0016592342890654149,-0.0029693194753949203,-0.0029693194753949203,0.0029693194753949203,0.0029693194753949203,0.0148465973769746
0.0015009344900751172,0.0065469442763260773,0.00066040707192418168,0.0034557221019184147,-0.0022302688567805077,-0.0022302688567805077,0.0022302688567805077,0.0022302688567805077,0.011151344283902537
0.0032278839658010875,0.0075294914361205183,0.00040688726485991377,0.0032438088166099953,-0.0028637325161016791,-0.0028637325161016791,0.0028637325161016791,0.0028637325161016791,0.014318662580508396
0.0017070109981524354,0.0050943536829129478,0.0015384535219945795,0.0030119768426304979,-0.0022969178559978324,-0.0022969178559978324,0.0022969178559978324,0.0022969178559978324,0.011484589279989162
0.0037517237202916408,0.0058738675938088299,0.00074755436225659255,0.001007555495249262,-0.0029104542308400127,-0.0029104542308400127,0.0029104542308400127,0.0029104542308400127,0.014552271154200064
0.0019301206071338842,0.0047030762302564481,0.0017478290962779431,0.0018155813907418112,-0.002381665531477332,-0.002381665531477332,0.002381665531477332,0.002381665531477332,0.011908327657386661
0.00077468436020288541,0.00066064810262575881,0.00048899936369687746,0.00039267637052394541,-0.00099387847249776521,-0.00099387847249776521,0.00099387847249776521,0.00099387847249776521,0.0049693923624888258
0.0043835184750462951,0.00050461152039551875,0.0013797830373839626,0.0029957678828314523,-0.0016359711173252124,-0.0016359711173252124,0.0016359711173252124,0.0016359711173252124,0.0081798555866260617
0.0034551231820449686,0.0060835145019883657,0.00071494028630135031,0.00026438723698837526,-0.0028665568640457457,-0.0028665568640457457,0.0028665568640457457,0.0028665568640457457,0.014332784320228728
0.0037259469083800192,0.0016267469206418051,0.0016994367510017967,0.0016441922072024926,-0.0024121926833241695,-0.0024121926833241695,0.0024121926833241695,0.0024121926833241695,0.012060963416620846
0.0028023935933724313,0.006320657423013255,0.0012927972852841323,0.00068934204920538728,-0.0027319205726095384,-0.0027319205726095384,0.0027319205726095384,0.0027319205726095384,0.013659602863047692
0.0039168786728069598,0.0037178123497569448,0.0013571895420249592,0.0034230445784478678,-0.0028087354152735887,-0.0028087354152735887,0.0028087354152735887,0.0028087354152735887,0.014043677076367942
0.0022448882479296985,6.5506801861838775e-05,0.00018571801212752414,0.0036822851662191985,-0.00032055572476181841,-0.00032055572476181841,0.00032055572476181841,0.00032055572476181841,0.0016027786238090921
0.002833307272909584,0.0044966270245195257,0.0015027400786816188,0.0012290880934574589,-0.00266066360095291,-0.00266066360095291,0.00266066360095291,0.00266066360095291,0.01330331800476455
0.00032219327413858246,0.0035498731700975643,0.00070884228708710517,0.0035023572491270668,-0.00085438365643830563,-0.00085438365643830563,0.00085438365643830563,0.00085438365643830563,0.0042719182821915284
0.0027797928835507578,0.00060033474280592929,0.0014803857030473251,0.00079433896776652231,-0.0016049927645369797,-0.0016049927645369797,0.0016049927645369797,0.0016049927645369797,0.0080249638226848972
0.0040748719635898519,0.002095985954207116,0.0016904079320078016,0.0028734449130807921,-0.0025931933463401073,-0.0025931933463401073,0.0025931933463401073,0.0025931933463401073,0.012965966731700538
0.003530672163357658,0.0024600820969142311,0.0002448000439868776,0.0010775945198467965,-0.0025906013708812763,-0.0025906013708812763,0.0025906013708812763,0.0025906013708812763,0.012953006854406382
0.0040177294546927316,0.0027719857798254887,3.0687091783545783e-05,0.0018375419624635145,-0.0027133950561788276,-0.0027133950561788276,0.0027133950561788276,0.0027133950561788276,0.013566975280894138
0.0024855346070842624,0.0056575652995065088,0.0015159099853560103,0.0024829338453853907,-0.0026207823528109583,-0.0026207823528109583,0.0026207823528109583,0.0026207823528109583,0.013103911764054791
0.0044078623292025639,0.001346515593962757,0.0019370595945306709,0.0014694822909008753,-0.0023775014677851845,-0.0023775014677851845,0.0023775014677851845,0.0023775014677851845,0.011887507338925922
0.0005504286674730053,0.0035519054157914331,0.0018007616063478995,0.00087159603374933566,-0.0012448337074295233,-0.0012448337074295233,0.0012448337074295233,0.0012448337074295233,0.0062241685371476167
0.0043797456436129867,0.0048585840511085488,0.00087108585091524643,0.0023926396331973576,-0.0029526149280642276,-0.0029526149280642276,0.0029526149280642276,0.0029526149280642276,0.014763074640321137
0.001862644758741904,0.0075712391572564869,0.0016672656898676114,0.0031964309297638077,-0.002441458336068725,-0.002441458336068725,0.002441458336068725,0.002441458336068725,0.012207291680343626
0.00046390303326256636,0.00092875097321090552,4.7022901142395267e-05,0.0039836848160535194,-0.00082398183096436166,-0.00082398183096436166,0.00082398183096436166,0.00082398183096436166,0.0041199091548218087
0.003100471762266104,0.00064376423330322148,0.00011700945290372555,0.0013570276510184102,-0.0017023320619321731,-0.0017023320619321731,0.0017023320619321731,0.0017023320619321731,0.0085116603096608654
0.0022799140993462939,0.0015417889009594172,0.0011629280466262442,0.0011047059510232602,-0.0020995686634089918,-0.0020995686634089918,0.0020995686634089918,0.0020995686634089918,0.010497843317044959
0.0021475792866383387,0.0017724229515734351,0.0010550814972413599,0.00039808317210023768,-0.0021286816547660624,-0.0021286816547660624,0.0021286816547660624,0.0021286816547660624,0.010643408273830313
0.0042616249156606318,0.0013105171801496558,0.0016497635366284921,0.00089838590590747916,-0.0023450677667003705,-0.0023450677667003705,0.0023450677667003705,0.0023450677667003705,0.011725338833501851
0.0006975789235256942,0.00061720954188636105,0.00046690385726627913,0.00020114039405910608,-0.00090807425371366057,-0.00090807425371366057,0.00090807425371366057,0.00090807425371366057,0.0045403712685683035
0.0030885046984717116,0.0016842683707782907,0.00092533478261106492,0.0010738008068608819,-0.0023299631504788017,-0.0023299631504788017,0.0023299631504788017,0.0023299631504788017,0.011649815752394009
0.0020746132406231055,0.0017946840393990087,0.0019790008839793479,0.0029313416656878465,-0.0021109198760220975,-0.0021109198760220975,0.0021109198760220975,0.0021109198760220975,0.010554599380110488
0.0026460111871351622,0.0038415967602579014,0.00060554601215191033,0.00054732680245483554,-0.0025685969494343339,-0.0025685969494343339,0.0025685969494343339,0.0025685969494343339,0.012842984747171668
0.002502052809354398,0.0051854068638296615,0.00080890934168545089,0.0026207445402028364,-0.0026064839869010233,-0.0026064839869010233,0.0026064839869010233,0.0026064839869010233,0.013032419934505117
0.00067930408488832113,0.0029173106600431415,0.0012150535042768748,0.0012500798295943119,-0.0013813161538432938,-0.0013813161538432938,0.0013813161538432938,0.0013813161538432938,0.006906580769216469
0.0025649567563101289,0.0013537417482385539,0.0019902012032646547,0.00099255534201539994,-0.002101707936968249,-0.002101707936968249,0.002101707936968249,0.002101707936968249,0.010508539684841245
0.0043119063974657998,0.00076642991168397896,0.00036548748230680886,0.0019859954900405363,-0.0019650345403270991,-0.0019650345403270991,0.0019650345403270991,0.0019650345403270991,0.0098251727016354946
0.00086445888383428898,0.0021119817867826431,0.0013819405718678817,0.0018013316266027508,-0.0014995865860999464,-0.0014995865860999464,0.0014995865860999464,0.0014995865860999464,0.0074979329304997316
6.7229769730332143e-05,0.0013748186847327881,0.00082839093291703489,0.0018424676552594521,-0.00018477781901548551,-0.00018477781901548551,0.00018477781901548551,0.00018477781901548551,0.0009238890950774276
0.00034715083084872262,0.0038534735498787893,0.00080145801665797124,0.00055860090309777714,-0.00091238565656616346,-0.00091238565656616346,0.00091238565656616346,0.00091238565656616346,0.0045619282828308176
0.0023043805586441535,0.0069700131230804796,0.00051362947736184931,0.0023019548771318512,-0.0026027734415171471,-0.0026027734415171471,0.0026027734415171471,0.0026027734415171471,0.013013867207585735
0.0048725157479210706,0.0057344409752749384,0.00093084094294292583,0.0036182151562727497,-0.0030526894232866305,-0.0030526894232866305,0.0030526894232866305,0.0030526894232866305,0.015263447116433151
0.00023074212594773885,0.0016338416313196437,0.0011496202983804034,0.0001362282029028748,-0.00057420581869333334,-0.00057420581869333334,0.00057420581869333334,0.00057420581869333334,0.0028710290934666665
0.0049547382718966634,0.0002962593471411439,0.00078449273723954873,0.00041588072697571247,-0.0012383275922470368,-0.0012383275922470368,0.0012383275922470368,0.0012383275922470368,0.0061916379612351842
0.0026849048803946323,0.00055025915527790652,0.0010114124697329033,0.0023852136349056651,-0.0015269802326189057,-0.0015269802326189057,0.0015269802326189057,0.0015269802326189057,0.0076349011630945287
0.00060949995699770038,0.0034919649420980473,0.0012719997624396973,0.0013423927302529497,-0.0013250304463238338,-0.0013250304463238338,0.0013250304463238338,0.0013250304463238338,0.0066251522316191688
0.0020985114813384781,0.0029151205615355414,0.001703478555595693,0.0010824690703243678,-0.0023124306234529111,-0.0023124306234529111,0.0023124306234529111,0.0023124306234529111,0.011562153117264556
0.0010447267515169432,0.005462668319370553,0.0011220868817298608,0.0039530348764450149,-0.0018723697150240593,-0.0018723697150240593,0.0018723697150240593,0.0018723697150240593,0.0093618485751202959
0.0035736158257930182,0.00068027502904787439,0.00076513590218222022,0.0013019310563116538,-0.0018013971974455182,-0.0018013971974455182,0.0018013971974455182,0.0018013971974455182,0.0090069859872275899
0.0027121533154233048,0.0020438626948732423,0.0019229975964274147,0.0036913405709260746,-0.0023480447688926493,-0.0023480447688926493,0.0023480447688926493,0.0023480447688926493,0.011740223844463247
0.0014469201613334377,0.0054893801994557118,0.00034504962819264785,0.0025055972972858652,-0.0021678348269015403,-0.0021678348269015403,0.0021678348269015403,0.0021678348269015403,0.010839174134507702
0.0012845589571501713,0.0045488609516207501,9.0985774431470378e-05,0.00021813304850448159,-0.0020263801115802333,-0.0020263801115802333,0.0020263801115802333,0.0020263801115802333,0.010131900557901165
0.0043362145964529449,0.0041384090880337721,0.0018167019805261373,0.0011369872491430652,-0.002900025669621858,-0.002900025669621858,0.002900025669621858,0.002900025669621858,0.014500128348109291
0.0038335476999842113,0.0072142940553574205,0.0005317001172768785,0.00039537036848202704,-0.002966828927246405,-0.002966828927246405,0.002966828927246405,0.002966828927246405,0.014834144636232024
0.0021865633599534558,0.00091551325896999005,0.00030303773624055277,0.0021979792782358021,-0.0017752118824561846,-0.0017752118824561846,0.0017752118824561846,0.0017752118824561846,0.0088760594122809233
0.0020335010546800639,0.0015718667684571873,0.00077056738399557264,0.0036424874747023766,-0.0020342960266441466,-0.0020342960266441466,0.0020342960266441466,0.0020342960266441466,0.010171480133220733
0.0036899898027645322,0.0045289095697555468,0.00068578456823992304,0.00030522536010842366,-0.0028342168897381114,-0.0028342168897381114,0.0028342168897381114,0.0028342168897381114,0.014171084448690557
0.0048539657984893961,0.0045268397892693595,0.00070932483288093501,0.00020930599214771529,-0.0029868031659098003,-0.0029868031659098003,0.0029868031659098003,0.0029868031659098003,0.014934015829549003
0.00040716723181745157,0.0078410166399118658,0.0017022278042197736,0.0002143713930318919,-0.0010880290356919914,-0.0010880290356919914,0.0010880290356919914,0.0010880290356919914,0.0054401451784599564
0.00080382724599458247,0.0078196286836984159,0.0005808588112068587,0.0011646384143565336,-0.0016753670082933715,-0.0016753670082933715,0.0016753670082933715,0.0016753670082933715,0.0083768350414668569
0.0018180102321203792,0.0047022902190362028,0.00026529671099627096,0.00074823821719902062,-0.0023325373254443485,-0.0023325373254443485,0.0023325373254443485,0.0023325373254443485,0.011662686627221742
0.0025434968207717805,0.0060733413987333791,0.00043136734295220357,0.0038762971805736553,-0.0026527764222901732,-0.0026527764222901732,0.0026527764222901732,0.0026527764222901732,0.013263882111450867
0.0003663296472315845,0.0055823486238948594,0.0018993891526942644,0.0031226834511700182,-0.00098428805159415109,-0.00098428805159415109,0.00098428805159415109,0.00098428805159415109,0.004921440257970755
0.00027691316566240512,0.0010721395117615001,0.00085768409804592191,0.0037632037262799256,-0.00059156497101800671,-0.00059156497101800671,0.00059156497101800671,0.00059156497101800671,0.0029578248550900335
0.0011051166353890991,0.0048223129107275043,0.00072143229480932131,0.0023614198632199734,-0.0019025975270367393,-0.0019025975270367393,0.0019025975270367393,0.0019025975270367393,0.0095129876351836961
0.0019359380255440178,0.0024530578037981637,0.0015547341163975798,0.0033021473012156809,-0.0021909899817747817,-0.0021909899817747817,0.0021909899817747817,0.0021909899817747817,0.010954949908873907
0.0036990167864305408,0.0028781102394332876,0.0018711967656066695,0.0028645934821023649,-0.002682704906869613,-0.002682704906869613,0.002682704906869613,0.002682704906869613,0.013413524534348065
0.0030534724288364162,0.0012587105765325148,0.0010204152159253488,0.0012392411969774815,-0.002156543769047769,-0.002156543769047769,0.002156543769047769,0.002156543769047769,0.010782718845238844
0.00015572843629500484,7.6586041771567991e-05,0.0016291322924302124,0.0026454381796094458,-7.1590865802749492e-05,-7.1590865802749492e-05,7.1590865802749492e-05,7.1590865802749492e-05,0.00035795432901374746
0.00023461413894559533,0.0068306348890704253,0.00052915044127234314,0.0012281013558835241,-0.00070827580900439144,-0.00070827580900439144,0.00070827580900439144,0.00070827580900439144,0.0035413790450219574
0.0022656283334806663,0.0057392861058154863,0.0007008870735309041,0.0019105494235465066,-0.0025527299705449462,-0.0025527299705449462,0.0025527299705449462,0.0025527299705449462,0.012763649852724731
0.0043755047601588106,0.0060200768414802172,0.0011528772507491656,0.0033085831328493677,-0.0030062024322249389,-0.0030062024322249389,0.0030062024322249389,0.0030062024322249389,0.015031012161124693
0.0045758356168618787,0.002311341931170734,0.00047279467893254811,0.00096074252746603406,-0.0026988016809876545,-0.0026988016809876545,0.0026988016809876545,0.0026988016809876545,0.013494008404938272
0.0018318760872649159,0.0033449663817776195,0.00055043030204316378,0.00078212635667724022,-0.0022510287871131498,-0.0022510287871131498,0.0022510287871131498,0.0022510287871131498,0.011255143935565749
0.0044379895692982022,0.0014170596589331631,0.00037508848700812592,0.0034211558271085335,-0.002413017127802823,-0.002413017127802823,0.002413017127802823,0.002413017127802823,0.012065085639014114
0.004646330298739499,0.0048213857187760804,0.00052462899397089124,0.0019064874492720728,-0.0029822972534945982,-0.0029822972534945982,0.0029822972534945982,0.0029822972534945982,0.014911486267472992
0.0020390039287819287,0.0067152189990451298,0.0016786478690367606,0.00077792473738402227,-0.0024977988164170432,-0.0024977988164170432,0.0024977988164170432,0.0024977988164170432,0.012488994082085217
0.0037329050768881117,0.0062328078621666939,0.0015895840780848886,0.0013395649470278543,-0.0029205635566860819,-0.0029205635566860819,0.0029205635566860819,0.0029205635566860819,0.01460281778343041
0.0018330583085912821,0.007471055360879328,0.0002278737258083472,0.0011942172127400209,-0.0024257547322020451,-0.0024257547322020451,0.0024257547322020451,0.0024257547322020451,0.012128773661010225
0.00077634929110121482,0.0020911298206449922,0.0006978482299779445,0.0035952510241556998,-0.001410849237908103,-0.001410849237908103,0.001410849237908103,0.001410849237908103,0.0070542461895405154
0.0028802377964519629,0.0056136397607707287,0.0014444910220244964,0.0019438152691198306,-0.0027263065663321608,-0.0027263065663321608,0.0027263065663321608,0.0027263065663321608,0.013631532831660804
0.0004412473382588076,0.001022461646314847,0.0017194512682602362,0.0036887334317854794,-0.00082244002396404388,-0.00082244002396404388,0.00082244002396404388,0.00082244002396404388,0.0041122001198202196
0.0033201322581290797,0.004295046115464796,0.0011204006458816933,0.0019340932808991852,-0.0027535525921309817,-0.0027535525921309817,0.0027535525921309817,0.0027535525921309817,0.013767762960654909
0.0040479075321528816,0.000890894907737124,0.0014532177818681801,0.0037636986783592965,-0.0020545245877285102,-0.0020545245877285102,0.0020545245877285102,0.0020545245877285102,0.010272622938642551
0.0045778756553743281,0.004327392467523155,0.00047481659464488702,0.0036745189083770414,-0.0029428547775284591,-0.0029428547775284591,0.0029428547775284591,0.0029428547775284591,0.014714273887642295
0.0022456446752486385,0.0043415701058809788,0.001563627219922108,0.0023135533979174038,-0.0024817649785541197,-0.0024817649785541197,0.0024817649785541197,0.0024817649785541197,0.012408824892770598
0.00059575014820341236,0.0027821252050444188,0.0016417562346130435,0.0031668109915787483,-0.0012658457372757578,-0.0012658457372757578,0.0012658457372757578,0.0012658457372757578,0.006329228686378789
0.0045134326544728123,0.0028024605895969274,0.00081399504641166387,0.0012198675458019691,-0.0027787325870627243,-0.0027787325870627243,0.0027787325870627243,0.0027787325870627243,0.013893662935313621
0.004353145902332523,0.00569181625896319,0.00047167953838998854,0.00055034301619673537,-0.002990108489274489,-0.002990108489274489,0.002990108489274489,0.002990108489274489,0.014950542446372445
0.004838374987951333,0.0038535685088570931,6.6170398030005682e-05,0.002456479356577957,-0.0029341697238682808,-0.0029341697238682808,0.0029341697238682808,0.0029341697238682808,0.014670848619341403
0.0029739544580207884,0.0032670247390295219,0.0012590934767919026,0.00031524432756157845,-0.0025961236289875058,-0.0025961236289875058,0.0025961236289875058,0.0025961236289875058,0.012980618144937528
0.0033702837351591427,0.0009105863114943182,0.0012650732074514764,0.0019232436089809608,-0.0019913072469550058,-0.0019913072469550058,0.0019913072469550058,0.0019913072469550058,0.0099565362347750295
0.0018726645949594298,0.0022654969771538371,2.3925507497049027e-06,0.0025180829348760846,-0.0021361186321089717,-0.0021361186321089717,0.0021361186321089717,0.0021361186321089717,0.010680593160544859
0.00092384852800645432,0.0067780601280962886,0.001040298286211816,0.003093544351802085,-0.0017888736420659382,-0.0017888736420659382,0.0017888736420659382,0.0017888736420659382,0.0089443682103296906
0.0014656579136552599,0.0077761678573798482,0.0018768896716773267,0.0035969662365617689,-0.0022340666353908301,-0.0022340666353908301,0.0022340666353908301,0.0022340666353908301,0.01117033317695415
0.0036060761312772475,0.0029916873116381075,5.775251194874609e-05,0.00089591297757513544,-0.0026831479806232934,-0.0026831479806232934,0.0026831479806232934,0.0026831479806232934,0.013415739903116466
0.0016316683353123599,0.0069677531414071127,0.00027480193701344782,0.0034752928061775748,-0.0023140009049132191,-0.0023140009049132191,0.0023140009049132191,0.0023140009049132191,0.011570004524566095
0.0034610165332982419,0.0069908447894817373,0.00011552387115759211,0.0020355232335592865,-0.0028962009650383511,-0.0028962009650383511,0.0028962009650383511,0.0028962009650383511,0.014481004825191756
0.0025157744537038784,0.0017526150350898146,0.00087307608108986396,0.0025288572191960929,-0.0022269488527096749,-0.0022269488527096749,0.0022269488527096749,0.0022269488527096749,0.011134744263548374
0.002250490497810904,0.0021977508935541279,0.00076955420975740913,0.0019017865053369001,-0.0022561340204288651,-0.0022561340204288651,0.0022561340204288651,0.0022561340204288651,0.011280670102144326
0.0048384632332089559,0.0055713601138910954,0.0017403324040329311,0.0034063650292217112,-0.0030418943375895751,-0.0030418943375895751,0.0030418943375895751,0.0030418943375895751,0.015209471687947876
0.00083879167781819261,0.002455018295030858,0.0001328616712072972,0.0012699997237264151,-0.0015159194792211015,-0.0015159194792211015,0.0015159194792211015,0.0015159194792211015,0.0075795973961055073
0.0024409323610433686,0.0076428176493596898,0.00040102311398182167,0.00013169013335315085,-0.00266328957627468,-0.00266328957627468,0.00266328957627468,0.00266328957627468,0.0133164478813734
0.00080697605681158836,0.0029270072947553123,0.0018759801434855255,0.0033339095776623159,-0.0015257276560128267,-0.0015257276560128267,0.0015257276560128267,0.0015257276560128267,0.0076286382800641334
0.0046879102868807388,0.0058443177199090039,3.8017488523220065e-05,0.0026804098461821633,-0.003036934597688922,-0.003036934597688922,0.003036934597688922,0.003036934597688922,0.015184672988444611
0.0024482108658516921,0.005661267302638542,0.00051831160577887989,0.0028943741402151172,-0.0026095078439801076,-0.0026095078439801076,0.0026095078439801076,0.0026095078439801076,0.013047539219900539
0.0016665104180427345,0.0017170332672280391,0.00078850746053903543,0.000584355975062168,-0.0019361153992949185,-0.0019361153992949185,0.0019361153992949185,0.0019361153992949185,0.0096805769964745936
0.00084991826307027635,0.0069291844012364327,1.1715469425472857e-06,0.00090404439360834547,-0.0017140583169666843,-0.0017140583169666843,0.0017140583169666843,0.0017140583169666843,0.0085702915848334203
0.0029745624895495884,0.002636495076663583,0.00057441073219982304,0.0025391910415600519,-0.0025163793542174353,-0.0025163793542174353,0.0025163793542174353,0.0025163793542174353,0.012581896771087177
0.0020008050383483501,0.00088949380850757707,0.0012058574240608154,0.0030139420600656178,-0.0017073135883923646,-0.0017073135883923646,0.0017073135883923646,0.0017073135883923646,0.0085365679419618229
0.00064462887589435808,0.00041077332135971327,0.0012305513153747681,0.0026784828707926895,-0.00070712104825999096,-0.00070712104825999096,0.00070712104825999096,0.00070712104825999096,0.0035356052412999551
0.00017154502336147164,0.0036201311902950102,0.0012174992333299178,0.0024243810031193938,-0.00051462679606752355,-0.00051462679606752355,0.00051462679606752355,0.00051462679606752355,0.0025731339803376175
0.0019625999735797105,0.0050676130691912269,0.0013016620201004732,0.0026536797442119953,-0.0024118659551720621,-0.0024118659551720621,0.0024118659551720621,0.0024118659551720621,0.012059329775860311
0.0029200104481215189,0.002178339743497204,0.0012289424599964116,0.00067649565101825736,-0.0024233554602628702,-0.0024233554602628702,0.0024233554602628702,0.0024233554602628702,0.012116777301314352
0.0025989372819305904,0.0067368821096470879,6.9126998921056998e-05,0.0018577924438285234,-0.0026889886047144918,-0.0026889886047144918,0.0026889886047144918,0.0026889886047144918,0.013444943023572459
0.0045011384595541491,0.0021474512632206379,0.001309566431403966,0.0013850740174373702,-0.002654759173199692,-0.002654759173199692,0.002654759173199692,0.002654759173199692,0.01327379586599846
0.0045589763273058033,0.0067814662542948915,0.0011675957572476249,0.0029711590827659769,-0.0030551832732929403,-0.0030551832732929403,0.0030551832732929403,0.0030551832732929403,0.015275916366464703
0.0046821242060948462,0.00027429565138311469,0.00043550128261825516,0.0021178987894758801,-0.0011676274630048533,-0.0011676274630048533,0.0011676274630048533,0.0011676274630048533,0.0058381373150242664
0.0040004663215742718,0.0021086719417594264,0.00083905441691365095,0.0029082160732472823,-0.0025867213972034109,-0.0025867213972034109,0.0025867213972034109,0.0025867213972034109,0.012933606986017055
0.0023933027430124271,0.0012842500287694354,0.00047535082729116085,0.0028098327842451276,-0.0020306210945177554,-0.0020306210945177554,0.0020306210945177554,0.0020306210945177554,0.010153105472588776
0.0026237376391964038,0.0035871214763303983,0.0017359945875994544,0.0036303099936732708,-0.0025418632850460034,-0.0025418632850460034,0.0025418632850460034,0.0025418632850460034,0.012709316425230016
0.0019926021490318784,0.0028131862315405706,0.00055759398066207466,0.0034392655235230009,-0.0022614356669990099,-0.0022614356669990099,0.0022614356669990099,0.0022614356669990099,0.01130717833499505
0.0020037235239636999,0.0031641118581544479,0.00032580144230136287,0.00030134194230677607,-0.0023042040594699565,-0.0023042040594699565,0.0023042040594699565,0.0023042040594699565,0.011521020297349782
0.00021748257507303549,0.0068138261446203377,0.0015932637812413788,0.0027041845190457275,-0.00066568400119658129,-0.00066568400119658129,0.00066568400119658129,0.00066568400119658129,0.0033284200059829063
0.0039961241300693062,0.0046406855876997806,0.0015222715524635057,0.0015565361487437186,-0.0028881972110076214,-0.0028881972110076214,0.0028881972110076214,0.0028881972110076214,0.014440986055038107
0.0012376413344176282,0.0048475211259950751,0.0017043460143766251,0.00049334064033586407,-0.0020055408960104994,-0.0020055408960104994,0.0020055408960104994,0.0020055408960104994,0.010027704480052498
0.00015640182902967498,0.0031262696017811415,0.0013547238601801532,0.0019654432521932041,-0.00046640090815707337,-0.00046640090815707337,0.00046640090815707337,0.00046640090815707337,0.0023320045407853669
0.0023377319707563464,0.0064661272026375468,0.0008336803100066002,0.0033885853563315406,-0.0026004954145085117,-0.0026004954145085117,0.0026004954145085117,0.0026004954145085117,0.013002477072542557
0.0035921024392052076,0.0040192436132036368,0.00095102906808554669,0.0032059867867232717,-0.0027827597588223896,-0.0027827597588223896,0.0027827597588223896,0.0027827597588223896,0.013913798794111948
0.002185798632626738,0.0059705711477712631,0.001110389256215222,0.00051262884883086703,-0.0025323578763829921,-0.0025323578763829921,0.0025323578763829921,0.0025323578763829921,0.012661789381914959
0.0018270251033407601,0.007314410132486425,0.0011919955629202791,0.00088908987434339242,-0.002419680075215474,-0.002419680075215474,0.002419680075215474,0.002419680075215474,0.012098400376077371
0.0032960501752550293,0.0048999645201591073,0.0018903985177143516,0.0028102621627742581,-0.0027847517761553546,-0.0027847517761553546,0.0027847517761553546,0.0027847517761553546,0.013923758880776774
0.00082264522948040657,0.0034869179416426718,0.00053082560697575954,0.0038759641431994722,-0.0015789735742140166,-0.0015789735742140166,0.0015789735742140166,0.0015789735742140166,0.0078948678710700822
6.6546073805285894e-05,0.0021163466253923723,0.0015368374562152228,0.00040100849819567716,-0.00020188047905569877,-0.00020188047905569877,0.00020188047905569877,0.00020188047905569877,0.0010094023952784937
0.0029661908438750164,0.0072969002955125583,3.3846780974163602e-05,0.00044610866245426637,-0.0027996381646434583,-0.0027996381646434583,0.0027996381646434583,0.0027996381646434583,0.013998190823217292
0.0026569481751619445,0.0061215233094978026,0.00038047173322098481,0.0028129337809442386,-0.0026867413808357226,-0.0026867413808357226,0.0026867413808357226,0.0026867413808357226,0.013433706904178614
0.0043304443189816121,0.0063982187739812825,0.0018887734157987445,0.0025022871956514297,-0.003014054917447986,-0.003014054917447986,0.003014054917447986,0.003014054917447986,0.01507027458723993
0.0020851923045527771,0.0017789816227073521,0.00050215885720111396,0.0032632286158505693,-0.0021103500744336164,-0.0021103500744336164,0.0021103500744336164,0.0021103500744336164,0.010551750372168081
0.0039327153450802689,0.0034992094701949,0.0010221096126222316,0.00087324905976778229,-0.0027903728579439686,-0.0027903728579439686,0.0027903728579439686,0.0027903728579439686,0.013951864289719843
9.9450000499266865e-05,0.0070699136447509199,0.0018329718328467012,0.0020275979130961494,-0.00033791889866537897,-0.00033791889866537897,0.00033791889866537897,0.00033791889866537897,0.001689594493326895
0.00014611647187603251,0.0019754676225197582,0.001309143111495849,0.0032235345288738702,-0.00040695189953507285,-0.00040695189953507285,0.00040695189953507285,0.00040695189953507285,0.0020347594976753642
0.002996841582186389,0.0065131924345933961,0.00097691372728128233,0.0015912863531289524,-0.0027853834863633881,-0.0027853834863633881,0.0027853834863633881,0.0027853834863633881,0.01392691743181694
0.0011389358955505916,0.004313799934613549,0.0014036456215530293,0.0016584330084013755,-0.0019086815084784178,-0.0019086815084784178,0.0019086815084784178,0.0019086815084784178,0.0095434075423920899
0.00034565472943689276,0.0017578774585743867,0.0019567382599395881,0.00022804839915689781,-0.00079993938920925754,-0.00079993938920925754,0.00079993938920925754,0.00079993938920925754,0.0039996969460462878
0.00064747034194287769,0.0030099170428725852,0.0018824031106297518,0.0032115107991269598,-0.0013480932686916118,-0.0013480932686916118,0.0013480932686916118,0.0013480932686916118,0.0067404663434580585
0.0018799679347305917,0.00061909123498744552,0.00036251897710257185,0.0018417545451178854,-0.0014444813599267755,-0.0014444813599267755,0.0014444813599267755,0.0014444813599267755,0.0072224067996338771
0.0016923132904707685,0.0053878703612985522,0.00028006883434650211,0.0015741859858781728,-0.0023007745234070163,-0.0023007745234070163,0.0023007745234070163,0.0023007745234070163,0.011503872617035083
0.002823324521998823,0.0058181291790742069,0.00057589965838143156,0.0026561027106011799,-0.0027200349708879331,-0.0027200349708879331,0.0027200349708879331,0.0027200349708879331,0.013600174854439664
0.0044391005388207143,0.00024150658484966669,0.00029024655777419486,0.0034264787375375286,-0.001063265813484579,-0.001063265813484579,0.001063265813484579,0.001063265813484579,0.0053163290674228952
0.0018347310710135217,0.002418301853134268,0.0015281114588298951,0.0034784136278395526,-0.0021453632696473088,-0.0021453632696473088,0.0021453632696473088,0.0021453632696473088,0.010726816348236544
0.00092894173994651137,0.0061524309877527767,0.0016675515217833949,0.0014355506558810253,-0.0017815406281925963,-0.0017815406281925963,0.0017815406281925963,0.0017815406281925963,0.0089077031409629821
0.0028943709364138547,0.0016108957410376574,0.00028142024228375485,0.002472303760429553,-0.0022687023147121236,-0.0022687023147121236,0.0022687023147121236,0.0022687023147121236,0.011343511573560618
2.0767313115622582e-05,0.0043005223893847269,0.00014633665853655643,0.0016111167135947977,-7.2903144519970294e-05,-7.2903144519970294e-05,7.2903144519970294e-05,7.2903144519970294e-05,0.00036451572259985147
0.0019302436481070154,0.0064489730389600559,0.00064749519599102603,0.0033715090146208423,-0.002445334779230179,-0.002445334779230179,0.002445334779230179,0.002445334779230179,0.012226673896150895
0.0015930120691151877,0.0045640519787105947,0.0013738427652511018,0.0031949411741471847,-0.0022147614029918547,-0.0022147614029918547,0.0022147614029918547,0.0022147614029918547,0.011073807014959273
0.0019430824215404521,0.00098655471839347334,0.0015404495318934687,0.0026807772204797899,-0.0017526252639684353,-0.0017526252639684353,0.0017526252639684353,0.0017526252639684353,0.0087631263198421766
0.00026349714452016153,0.0072742553251584101,0.00092138782479180795,0.0033117602712770164,-0.00078053320016009035,-0.00078053320016009035,0.00078053320016009035,0.00078053320016009035,0.0039026660008004512
0.002775542261727488,0.0059762474852712924,0.0012781052865460209,0.0020882548853357976,-0.0027135238132030407,-0.0027135238132030407,0.0027135238132030407,0.0027135238132030407,0.013567619066015203
0.0031245968957895427,0.004523854363695322,0.0018350875977786168,0.0023270294140684102,-0.0027286262435014651,-0.0027286262435014651,0.0027286262435014651,0.0027286262435014651,0.013643131217507326
0.0037498326844124749,0.0026694081882536508,0.0017604410088876616,0.00073428484816835064,-0.0026596860937767074,-0.0026596860937767074,0.0026596860937767074,0.0026596860937767074,0.013298430468883538
0.0047876938560232878,0.0046626578661020327,0.00023542660642060276,0.0028608881626142279,-0.002988415752444368,-0.002988415752444368,0.002988415752444368,0.002988415752444368,0.01494207876222184
0.0017801656846799783,0.0031383850532323947,0.0014264669868361713,0.001223861552562709,-0.0022092624228191166,-0.0022092624228191166,0.0022092624228191166,0.0022092624228191166,0.011046312114095583
0.003284887980742667,0.00095834446781023421,0.0015531762868997243,0.0022910992199989379,-0.0020151278462094704,-0.0020151278462094704,0.0020151278462094704,0.0020151278462094704,0.010075639231047352
0.0022157906696381514,0.00098587220685333052,0.0018145805762345515,0.00010807820672983516,-0.0018286901005833205,-0.0018286901005833205,0.0018286901005833205,0.0018286901005833205,0.0091434505029166033
0.0010830880932076819,0.00037203497497793447,0.00083623648851463431,0.00164990291796585,-0.0008872908488815035,-0.0008872908488815035,0.0008872908488815035,0.0008872908488815035,0.0044364542444075179
0.004447583124267027,0.0013711176217430481,0.00031209684476231824,0.0025016761328463099,-0.0023930612959185377,-0.0023930612959185377,0.0023930612959185377,0.0023930612959185377,0.011965306479592689
0.0037320728477551524,0.0019722070552527773,0.00094756807319842571,0.0025598072998747855,-0.00251667044251903,-0.00251667044251903,0.00251667044251903,0.00251667044251903,0.012583352212595151
0.0047145165990864716,0.0050859746064503639,0.0007404816978045576,0.0022986145753125281,-0.0030046430974975864,-0.0030046430974975864,0.0030046430974975864,0.0030046430974975864,0.015023215487487931
0.0041094947112249834,0.0046455410966667575,0.00078743972215022853,0.0010828726277297149,-0.0029045290096134692,-0.0029045290096134692,0.0029045290096134692,0.0029045290096134692,0.014522645048067346
0.0045881653927747103,0.0047284067106629921,0.0016055209994631362,0.0026520831054348977,-0.0029701286863452916,-0.0029701286863452916,0.0029701286863452916,0.0029701286863452916,0.014850643431726459
0.00064895908480049373,0.0065778536923190058,0.0013037448250089289,0.002678782062937,-0.001463019304163469,-0.001463019304163469,0.001463019304163469,0.001463019304163469,0.0073150965208173451
8.8415533269022717e-05,0.00077015135769503218,0.0013602789950023001,0.002400778442021221,-0.00019702187119842381,-0.00019702187119842381,0.00019702187119842381,0.00019702187119842381,0.0009851093559921191
0.0010009502750519372,0.0031173276531431329,0.0013053886488948623,0.0015705455322247116,-0.0017243713636843204,-0.0017243713636843204,0.0017243713636843204,0.0017243713636843204,0.008621856818421602
0.0020665042205150453,0.00064355234997824672,0.00028335800026226931,0.00069314350534128413,-0.001516982430872571,-0.001516982430872571,0.001516982430872571,0.001516982430872571,0.007584912154362855
0.0034413386484630939,0.0033559573144878643,0.00011672035671490666,0.0022707577174417748,-0.0026974768415694477,-0.0026974768415694477,0.0026974768415694477,0.0026974768415694477,0.013487384207847238
0.0021979213049301439,0.00063956526940245502,0.00079010825574176693,0.00030241098235234056,-0.0015429435063796476,-0.0015429435063796476,0.0015429435063796476,0.0015429435063796476,0.0077147175318982375
0.0025715979378327725,0.00054009332105991288,0.0016994465327450799,0.0036732670719094389,-0.0014955364272967806,-0.0014955364272967806,0.0014955364272967806,0.0014955364272967806,0.0074776821364839026
0.0038073506418914685,0.00084297901476373775,0.0012973912337332805,0.0014751054558919264,-0.0019884954588152036,-0.0019884954588152036,0.0019884954588152036,0.0019884954588152036,0.0099424772940760169
0.00036231114690572498,0.0031252135032155707,0.0015827089760992866,0.001203368064058013,-0.00091708899096130036,-0.00091708899096130036,0.00091708899096130036,0.00091708899096130036,0.0045854449548065022
0.0033947180878363546,0.0061071962967503123,0.0012449376762049822,0.0018576681569217768,-0.0028559944168495091,-0.0028559944168495091,0.0028559944168495091,0.0028559944168495091,0.014279972084247545
0.00025315600532006566,0.0022624810622216157,0.0015686711120247298,0.00050496688326671056,-0.00066180299616770417,-0.00066180299616770417,0.00066180299616770417,0.00066180299616770417,0.003309014980838521
0.0012507561726218051,0.0059370326986332512,0.0019923291554076461,0.00354828397850238,-0.0020501607837620354,-0.0020501607837620354,0.0020501607837620354,0.0020501607837620354,0.010250803918810177
0.0036141461302509549,0.0018739559913620609,0.0014265917553122891,0.0039203288066914574,-0.0024732104850061169,-0.0024732104850061169,0.0024732104850061169,0.0024732104850061169,0.012366052425030584
0.0034185106169263972,0.0023048501250891008,0.0017233743919214267,0.003310669522400007,-0.0025430450380485047,-0.0025430450380485047,0.0025430450380485047,0.0025430450380485047,0.012715225190242523
0.0020323795833880982,0.0037767123592799749,0.001945734370769581,0.0023377050641475864,-0.0023674734573947832,-0.0023674734573947832,0.0023674734573947832,0.0023674734573947832,0.011837367286973917
0.0014798427961615088,0.00060909282064237793,0.0014812022164938784,0.0037688442418135335,-0.0013108922921823882,-0.0013108922921823882,0.0013108922921823882,0.0013108922921823882,0.0065544614609119407
0.0041422577324029099,0.0035965099327838145,0.0016259681480642405,0.0013886006095497072,-0.0028288539148417268,-0.0028288539148417268,0.0028288539148417268,0.0028288539148417268,0.014144269574208633
0.0013810194108551214,0.0046727320755833544,0.00015716301437178925,0.0019139504865824028,-0.0020957898560490032,-0.0020957898560490032,0.0020957898560490032,0.0020957898560490032,0.010478949280245016
0.00016574462747596705,0.0065983541343274804,7.2776417024387647e-05,0.00076899944624200507,-0.00052865699950382851,-0.00052865699950382851,0.00052865699950382851,0.00052865699950382851,0.0026432849975191425
0.0012438637801866605,0.0004587231327386899,0.0018468032090337675,0.0017563960815265242,-0.0010609471729551064,-0.0010609471729551064,0.0010609471729551064,0.0010609471729551064,0.0053047358647755321
0.00011575497488494435,0.0064013281592791276,0.00047542880955578327,0.0037176279650699309,-0.00038491801487040064,-0.00038491801487040064,0.00038491801487040064,0.00038491801487040064,0.0019245900743520032
0.0040553473314205151,0.0045615719367494752,0.0006106561746457151,0.0026871638288708129,-0.0028917860804316565,-0.0028917860804316565,0.0028917860804316565,0.0028917860804316565,0.014458930402158282
0.00062012648983488167,0.0046308907591393377,0.00027045202449287899,0.0022281721394301021,-0.0013818570538008106,-0.0013818570538008106,0.0013818570538008106,0.0013818570538008106,0.0069092852690040528
0.0048701105051865787,0.00041816510535904442,0.00126908332677829,0.0021903259548110435,-0.0015114004109969866,-0.0015114004109969866,0.0015114004109969866,0.0015114004109969866,0.0075570020549849326
0.0010727885951115508,0.0070402517202013837,5.9374447574706001e-05,0.0025766850889093235,-0.0019329537900974266,-0.0019329537900974266,0.0019329537900974266,0.0019329537900974266,0.0096647689504871324
0.0015372963608383092,0.0022258898183365665,0.0015981800313745226,0.002478620822930119,-0.0019789816137962732,-0.0019789816137962732,0.0019789816137962732,0.0019789816137962732,0.0098949080689813666
0.0029301095084141716,0.0043763405945289602,0.00059676828757133601,0.0018648209011433584,-0.0026764323692815288,-0.0026764323692815288,0.0026764323692815288,0.0026764323692815288,0.013382161846407644
0.0015479584541836177,0.0043136171121202545,0.0014877449633100262,0.0020922768625722503,-0.0021776947314746838,-0.0021776947314746838,0.0021776947314746838,0.0021776947314746838,0.010888473657373419
0.0019026764876541079,0.0072815218940134631,0.001821411060458529,0.00049523076714309648,-0.0024534879178810553,-0.0024534879178810553,0.0024534879178810553,0.0024534879178810553,0.012267439589405276
0.00053000886746896309,0.0048153135618812654,0.0013806131356527624,0.0018294299284857928,-0.0012552922924418898,-0.0012552922924418898,0.0012552922924418898,0.0012552922924418898,0.0062764614622094492
0.0019514642271439221,0.0079309475315842114,0.0008491075700858135,0.0027315204857196141,-0.0024878933098397833,-0.0024878933098397833,0.0024878933098397833,0.0024878933098397833,0.012439466549198915
0.00013591237004055058,0.0018648394028473825,0.0012497830371437173,0.0009710414463066729,-0.00037741045959100719,-0.00037741045959100719,0.00037741045959100719,0.00037741045959100719,0.001887052297955036
0.0011275949428807448,0.0053007437821361121,0.0017105606175024843,0.0011799907629972213,-0.0019372126254168522,-0.0019372126254168522,0.0019372126254168522,0.0019372126254168522,0.0096860631270842615
0.0045482569444879918,0.0046188635813820336,0.0014225291905220296,0.0032388142792924438,-0.0029587617594814767,-0.0029587617594814767,0.0029587617594814767,0.0029587617594814767,0.014793808797407383
0.0014110746054806569,0.0041131519036488734,0.00050451320267641791,0.00062995217244860252,-0.0020872588537313333,-0.0020872588537313333,0.0020872588537313333,0.0020872588537313333,0.010436294268656665
0.0013617827414678101,0.0050246896645910043,1.5241504165840026e-05,0.00086230092162798615,-0.0020976316576106486,-0.0020976316576106486,0.0020976316576106486,0.0020976316576106486,0.010488158288053242
0.0033995195744864056,0.0044092395622304945,0.0017595176172897947,0.0032921119256532159,-0.0027760146472277348,-0.0027760146472277348,0.0027760146472277348,0.0027760146472277348,0.013880073236138674
0.0044156873235315372,0.0027012951661861445,0.001246779998093117,0.00057169843141226587,-0.0027520165726681177,-0.0027520165726681177,0.0027520165726681177,0.0027520165726681177,0.01376008286334059
0.0014862632773007521,0.0051362176052871487,0.00012699649413693882,0.0012720164051868764,-0.0021790354026080647,-0.0021790354026080647,0.0021790354026080647,0.0021790354026080647,0.010895177013040323
0.0018878807779689039,0.00067629828238420617,0.0011019107788855494,0.003650403050323962,-0.00150340544019346,-0.00150340544019346,0.00150340544019346,0.00150340544019346,0.0075170272009673
0.0035762150500004944,0.0038373652174410141,0.0011780343919088223,0.0017104374206343045,-0.0027655679597720583,-0.0027655679597720583,0.0027655679597720583,0.0027655679597720583,0.01382783979886029
0.0039628084177633412,0.0036280461966397013,0.0005867214304017197,0.0032882044450305162,-0.0028071383510767838,-0.0028071383510767838,0.0028071383510767838,0.0028071383510767838,0.014035691755383918
0.0030728316221578476,0.001713710658142668,0.0017720599128880933,0.0030818228794572623,-0.0023362479889263549,-0.0023362479889263549,0.0023362479889263549,0.0023362479889263549,0.011681239944631775
0.00090319705930085406,0.0045490253038835953,0.00047951132087037916,0.00017789391252175465,-0.0017102892013150612,-0.0017102892013150612,0.0017102892013150612,0.0017102892013150612,0.008551446006575307
0.00091186924798940391,0.0053626553712472812,0.00028768277193948232,0.00095646597754673874,-0.001745098302131273,-0.001745098302131273,0.001745098302131273,0.001745098302131273,0.0087254915106563646
0.0037921839064081093,0.0010088556040405467,0.00061865306586577566,0.0036562970323617597,-0.0021163974829864402,-0.0021163974829864402,0.0021163974829864402,0.0021163974829864402,0.010581987414932202
0.0035370804001584634,0.0023828905671023719,0.00067677289899317273,0.0013530918834479015,-0.002577533916578759,-0.002577533916578759,0.002577533916578759,0.002577533916578759,0.012887669582893795
0.00448243183254886,0.00050558088669698899,0.0017681462475294312,0.0016751989055731641,-0.0016442735917493176,-0.0016442735917493176,0.0016442735917493176,0.0016442735917493176,0.0082213679587465876
0.0039012024154862607,0.0047813268890496046,0.0013141300697559664,0.0037457050911204131,-0.0028824462944900412,-0.0028824462944900412,0.0028824462944900412,0.0028824462944900412,0.014412231472450205
0.0021118711132835028,0.00066265604803089086,0.0002438763623805611,0.00052779154104083605,-0.0015471866555544348,-0.0015471866555544348,0.0015471866555544348,0.0015471866555544348,0.0077359332777721746
0.00067503961684447133,0.0018429204295218099,0.00078733537556691655,0.0038895175649244842,-0.0012679823690422078,-0.0012679823690422078,0.0012679823690422078,0.0012679823690422078,0.0063399118452110385
0.0044534556225735095,0.0035884433585551684,0.0002055162230455434,0.0026222075020258602,-0.0028670379863860473,-0.0028670379863860473,0.0028670379863860473,0.0028670379863860473,0.014335189931930238
0.003480760215122496,0.0036194139618870367,0.0014114498832965541,0.0025512476178813368,-0.0027301418663179871,-0.0027301418663179871,0.0027301418663179871,0.0027301418663179871,0.013650709331589935
