gid,name,kind,nx,ny,nz,values,grain_radius,grains,seed,porosity_target,porosity,porosity_block,tortuosity,split
0,geom_0000,spheres,32,32,32,32768,3.0,411,1036,0.36,0.361528,0.317749,1.2552,train
1,geom_0001,spheres,32,32,32,32768,3.0,400,1037,0.36,0.356944,0.313721,1.3486,train
2,geom_0002,spheres,32,32,32,32768,3.0,352,1042,0.42,0.421701,0.370636,1.298,val
3,geom_0003,spheres,32,32,32,32768,3.0,374,1043,0.42,0.419792,0.368958,1.2667,val
4,geom_0004,spheres,32,32,32,32768,3.0,303,1048,0.48,0.480139,0.421997,1.2264,train
5,geom_0005,spheres,32,32,32,32768,3.0,288,1049,0.48,0.480486,0.422302,1.2428,train
6,geom_0006,spheres,32,32,32,32768,3.0,266,1054,0.54,0.538368,0.473175,1.1757,test
7,geom_0007,spheres,32,32,32,32768,3.0,246,1055,0.54,0.536736,0.471741,1.2154,test
8,geom_0008,spheres,32,32,32,32768,3.0,192,1060,0.6,0.599757,0.52713,1.1765,train
9,geom_0009,spheres,32,32,32,32768,3.0,210,1061,0.6,0.599583,0.526978,1.1602,train
900,geom_0900,straight_duct,32,32,32,32768,0.0,0,0,1.0,1.0,0.878906,1.0,analytic
