glucose,O2,CO2,glucose_rate,O2_rate,CO2_rate,growth
0.0015644240017467673,0.00057808811996328815,0.00013472304286404102,-0.011260322430186879,-0.06756193458112128,0.06756193458112128,0.45041289720747518
0.0012156355888462264,0.00064753888335756485,0.0013857974669524912,-0.010827160510893646,-0.064962963065361867,0.064962963065361867,0.43308642043574586
0.001422504368912766,0.00096626172454811654,0.0023823009034651477,-0.012260693139024005,-0.073564158834144036,0.073564158834144036,0.4904277255609602
0.00018730476711519581,4.6803667536555524e-05,0.0014100935925038505,-0.0010336124859934854,-0.0062016749159609121,0.0062016749159609121,0.041344499439739418
0.0012651216875890696,0.0008774884975926606,0.002882544725680232,-0.011673912532816031,-0.070043475196896188,0.070043475196896188,0.46695650131264127
0.0019618132974266607,0.00041182198023455063,0.00059162782450115925,-0.01072795649404225,-0.064367738964253504,0.064367738964253504,0.42911825976169005
0.0008525762929959146,4.0681238140329172e-05,0.001444506355481466,-0.0021308525675448283,-0.012785115405268971,0.012785115405268971,0.08523410270179313
0.00023368213586121115,0.00040314227812851436,0.0028773142535031869,-0.004257808630924822,-0.025546851785548934,0.025546851785548934,0.1703123452369929
0.0019169502262780264,0.00060276708479079118,0.0025909557971224247,-0.01191058511728872,-0.071463510703732316,0.071463510703732316,0.47642340469154881
0.0013552045479941965,0.00037511788214499215,0.0003170312107929062,-0.0095291451502885691,-0.057174870901731414,0.057174870901731414,0.38116580601154276
0.00040241354453044174,0.0003574730593984912,0.001381381789596947,-0.0057189514966597644,-0.034313708979958585,0.034313708979958585,0.22875805986639056
0.0013473979204883062,0.00081739433389919913,0.00078707578488912508,-0.011719463378510564,-0.070316780271063389,0.070316780271063389,0.46877853514042256
0.00198555583919582,0.0004306949274068917,0.00095770744252949246,-0.010910357850720141,-0.065462147104320842,0.065462147104320842,0.43641431402880559
0.00042687609327292549,0.00095832123685268887,0.0028307916710149533,-0.0076206539662923749,-0.045723923797754251,0.045723923797754251,0.30482615865169499
0.0017091809990399415,0.00026617570761402787,0.0016743525761721157,-0.0088349791943690206,-0.053009875166214124,0.053009875166214124,0.35339916777476083
0.0014008324626024267,0.00010749537862435429,0.0013771474496171059,-0.0051525658814532693,-0.030915395288719616,0.030915395288719616,0.2061026352581308
0.00045113330487780247,0.00048906944291924367,0.00094133750042804708,-0.0067328824797823605,-0.040397294878694159,0.040397294878694159,0.26931529919129443
0.00037769574718796986,0.0007319509413877118,0.0025416260880702863,-0.0067595380756455443,-0.040557228453873266,0.040557228453873266,0.2703815230258218
0.0019087724940392214,0.00035713811728778512,0.0015489881050942788,-0.010159251529532815,-0.060955509177196887,0.060955509177196887,0.40637006118131264
0.00068747067993197024,0.00025182612336484327,0.002806344682622721,-0.0064534317882342634,-0.038720590729405577,0.038720590729405577,0.25813727152937055
0.00088837505304871251,0.00056633631830467577,0.0024173076548983513,-0.0094574608806335947,-0.056744765283801568,0.056744765283801568,0.37829843522534379
0.0013156138299713635,0.00082271468999676241,0.002773257110959174,-0.0116581516813128,-0.069948910087876792,0.069948910087876792,0.46632606725251202
0.00088620078836607323,0.00057995125900703142,0.00022397455339859628,-0.0095073617375121891,-0.057044170425073135,0.057044170425073135,0.38029446950048762
1.0526362921099198e-05,0.00060450274597442268,0.0013208301830717223,-0.00030985671243496352,-0.0018591402746097811,0.0018591402746097811,0.012394268497398542
0.0005279091820528446,0.00040185058943065433,0.0024482754819571749,-0.0068582037829552382,-0.041149222697731427,0.041149222697731427,0.27432815131820953
0.00094974863447756385,0.00065774335509090722,0.0013263871711119157,-0.010047200571257858,-0.060283203427547144,0.060283203427547144,0.40188802285031433
0.0015249242036490546,0.00076251708955181279,0.0027578684647740926,-0.011931927728259422,-0.071591566369556534,0.071591566369556534,0.47727710913037685
0.0012167088179235383,8.788572053268338e-05,0.0013321638276158772,-0.0043273119801748531,-0.025963871881049119,0.025963871881049119,0.17309247920699414
0.00086608810825691775,0.0009776303999300298,0.0022873404014122538,-0.010526380145994439,-0.06315828087596663,0.06315828087596663,0.42105520583977757
0.00039014664223362919,0.00043816824798596516,0.00018151511128154907,-0.0060186906538781176,-0.036112143923268704,0.036112143923268704,0.24074762615512471
0.0015714645404419057,0.00046408897194937047,0.0022181949324129569,-0.010603080490091767,-0.0636184829405506,0.0636184829405506,0.42412321960367066
0.0003823757280707266,0.00049999100066466383,0.0013045113053407641,-0.0061906534099218351,-0.037143920459531007,0.037143920459531007,0.24762613639687339
0.0014503203377384092,0.0007353412243125872,0.0028319408164263174,-0.011692484992054606,-0.070154909952327635,0.070154909952327635,0.46769939968218427
0.0009998423187180677,0.00047626078651089623,0.0022077633861804862,-0.0093895877824653595,-0.056337526694792153,0.056337526694792153,0.37558351129861439
0.0011088934024992645,0.00061026816288044304,0.002316932791353951,-0.010382082206712337,-0.062292493240274027,0.062292493240274027,0.41528328826849348
0.00077413922869878937,0.0003048779243194039,0.0020278487075238456,-0.0073378998703073723,-0.044027399221844232,0.044027399221844232,0.2935159948122949
0.00041395202400246672,0.00026140776995662294,0.0029829682999280432,-0.0051320419261449276,-0.030792251556869564,0.030792251556869564,0.20528167704579711
0.00034780693794131043,0.00051810058280039309,0.00023593936327689536,-0.0059197050972447686,-0.035518230583468612,0.035518230583468612,0.23678820388979074
0.0012865612611784206,0.00012847543993908437,0.0021721039447087959,-0.00563325958019293,-0.03379955748115758,0.03379955748115758,0.2253303832077172
0.00055951070117959295,5.6328033245176591e-05,0.0026354091220989104,-0.0023209272508566128,-0.013925563505139677,0.013925563505139677,0.092837090034264519
3.8294255605066304e-05,0.00071324774911016829,0.00029658008542251889,-0.0011112088240550569,-0.0066672529443303416,0.0066672529443303416,0.04444835296220228
0.00039334159428345758,0.00015354834610666906,0.001582810217868866,-0.0038245350644954155,-0.022947210386972491,0.022947210386972491,0.15298140257981663
0.0018431894824693599,0.00062779503357838725,0.00097087757882558163,-0.011931296248480291,-0.071587777490881743,0.071587777490881743,0.47725184993921166
0.0014262969979670014,0.00092118587378941348,0.0018612816913934687,-0.012167080128669747,-0.073002480772018485,0.073002480772018485,0.48668320514678987
0.0011647164150591785,0.00083508738797840091,0.00062735396008974402,-0.011289243428934788,-0.067735460573608727,0.067735460573608727,0.45156973715739157
0.00080924045753544142,0.00011553416395134483,0.0012186975506453084,-0.0045263924188986811,-0.027158354513392088,0.027158354513392088,0.18105569675594724
0.0016376677140280465,0.00047144546125860821,0.001788670285647871,-0.010758117946940779,-0.064548707681644668,0.064548707681644668,0.43032471787763116
0.0005337381769160343,0.00055567168302718688,0.00040321977201795745,-0.007593339634868689,-0.045560037809212132,0.045560037809212132,0.30373358539474754
0.0012698118110350258,0.00035195062653134478,0.0022367060490774446,-0.0091500566077732607,-0.054900339646639568,0.054900339646639568,0.36600226431093041
3.3888271224506929e-05,0.00037403419238465771,0.00042540548766650398,-0.00082718485256585864,-0.004963109115395152,0.004963109115395152,0.033087394102634345
0.0012949109753485895,0.00095745321598167041,3.9701186586145302e-05,-0.011935513563658368,-0.071613081381950217,0.071613081381950217,0.47742054254633481
0.0019453922182672398,0.00016608760142504115,0.0016763084973899782,-0.0072183982125341439,-0.043310389275204864,0.043310389275204864,0.28873592850136576
0.0014196767251688617,0.00085055242585406693,0.0015015833676226911,-0.011974977781086592,-0.071849866686519548,0.071849866686519548,0.47899911124346373
0.00016270906438557687,0.00078381162272102821,0.001525305922914705,-0.0039121777860285653,-0.023473066716171394,0.023473066716171394,0.15648711144114261
0.0011871074108383021,0.0001921594469195031,0.00082663432055112831,-0.0068956678997652609,-0.041374007398591567,0.041374007398591567,0.27582671599061043
0.00064042094594897502,0.00037623578149952443,0.0020828454026982088,-0.0073331439780035135,-0.043998863868021085,0.043998863868021085,0.29332575912014053
0.0018401945539012639,0.00052998443952155484,0.0026859247418050728,-0.011418032858577142,-0.068508197151462849,0.068508197151462849,0.45672131434308566
4.6039187034423875e-05,0.00090508665971094303,0.0024166202711101482,-0.001381108054312571,-0.0082866483258754262,0.0082866483258754262,0.055244322172502837
3.3634870840408868e-05,1.0513185838771207e-05,0.0021969556762198223,-6.2955053364314455e-05,-0.00037773032018588676,0.00037773032018588676,0.0025182021345725781
0.00020144349456487027,0.00089624970402975843,5.3816796667149896e-07,-0.0046958053558623187,-0.028174832135173911,0.028174832135173911,0.18783221423449276
0.00068520736315057403,6.598342188082469e-05,0.0025531651344469241,-0.002868388292402802,-0.01721032975441681,0.01721032975441681,0.11473553169611207
0.0017659901310671702,0.00030621016636960517,0.00029629951778628171,-0.0094286387475745262,-0.056571832485447157,0.056571832485447157,0.37714554990298105
0.0011336443037625946,1.3305307697064348e-05,0.0026685473066005395,-0.00086571025741027095,-0.0051942615444616255,0.0051942615444616255,0.034628410296410839
0.0013281054674497779,0.00096956011942110891,0.0011954439349548525,-0.012045185849234752,-0.072271115095408511,0.072271115095408511,0.48180743396939008
9.8241271246419623e-05,0.00096229068285870651,0.0019057104717695389,-0.0027191872990298756,-0.016315123794179254,0.016315123794179254,0.10876749196119502
0.00035788002295244808,0.00043939189610706845,0.00041195903733149542,-0.005733579156741048,-0.034401474940446292,0.034401474940446292,0.22934316626964193
0.00076767862648333411,0.00071259528471158851,0.00013128754745555892,-0.0094572528531738521,-0.056743517119043116,0.056743517119043116,0.37829011412695407
0.0012593089999730308,6.0003710803002186e-05,0.0017460941192791745,-0.003303837979756238,-0.019823027878537427,0.019823027878537427,0.13215351919024951
0.0015054878777370868,0.00055885871393545207,0.0013394171079199697,-0.011056771101736404,-0.066340626610418424,0.066340626610418424,0.44227084406945616
0.0011536626119944273,0.00035481104230666529,0.00097031517178942624,-0.0089230625541139967,-0.05353837532468398,0.05353837532468398,0.35692250216455984
0.00056621110212395887,0.00055593769495521301,0.0018505445965064959,-0.0078109758659762087,-0.046865855195857252,0.046865855195857252,0.31243903463904832
0.00036717426713415183,0.00031403776201379216,0.002158350221709173,-0.005173479112512213,-0.031040874675073278,0.031040874675073278,0.20693916450048852
0.00084898857885200676,0.00066855737785460325,0.0007667939983731347,-0.0096886606075811711,-0.058131963645487027,0.058131963645487027,0.38754642430324687
0.00051918466123912889,0.00048476341577359007,0.0024779968336010342,-0.0072125403751621409,-0.043275242250972845,0.043275242250972845,0.28850161500648563
0.0015222414262663765,0.00049781951105967238,0.0014295750785402034,-0.010740124982537328,-0.06444074989522397,0.06444074989522397,0.42960499930149315
0.0017871973360293148,0.00049613104243852863,0.0029462039901025296,-0.011137924464091538,-0.066827546784549233,0.066827546784549233,0.44551697856366157
0.0016102537927231992,0.00035603927841137506,0.0019434249073072385,-0.009771968942670942,-0.058631813656025655,0.058631813656025655,0.39087875770683772
0.00025079531303168732,0.00051456381805170092,0.0026769351530038926,-0.0048108972573127013,-0.028865383543876209,0.028865383543876209,0.19243589029250807
0.0015765501220195972,0.00072110347637863669,0.00057597281065400552,-0.011887335710764956,-0.07132401426458973,0.07132401426458973,0.47549342843059833
4.0055495674815932e-05,0.00063628399745430293,0.0013709926970843095,-0.0011286282860958152,-0.0067717697165748918,0.0067717697165748918,0.045145131443832615
0.00027903809738561179,0.00014336708799272691,6.3174241310957953e-05,-0.0029910632712404741,-0.017946379627442846,0.017946379627442846,0.11964253084961897
0.001404579930575259,0.00066438426852365618,0.0015759685883420353,-0.011336780472449071,-0.068020682834694424,0.068020682834694424,0.45347121889796282
0.00065135530390201092,0.00020695109452580068,0.0024462545999632077,-0.0057539235906570218,-0.034523541543942132,0.034523541543942132,0.23015694362628086
0.0016559421739602888,0.00065215618197951239,0.0025434254390665737,-0.011756294885120725,-0.070537769310724349,0.070537769310724349,0.47025179540482909
0.0013799620890058847,0.00074276325686164666,0.0024401750192540538,-0.011566336508948933,-0.069398019053693596,0.069398019053693596,0.46265346035795729
0.0012841500651862678,0.00064633167837700083,0.0017750132315109506,-0.010993329346039792,-0.065959976076238755,0.065959976076238755,0.43973317384159166
0.0012052083247173471,0.00079296006801437408,0.0027878825800861512,-0.011288447259137181,-0.06773068355482309,0.06773068355482309,0.45153789036548725
0.0018269871254655817,0.00041448243491989706,0.0020093987548944767,-0.010591760688731924,-0.063550564132391546,0.063550564132391546,0.42367042754927703
0.0016660186928406002,0.00099097675273239548,0.0015794814785797182,-0.012799937452363477,-0.076799624714180864,0.076799624714180864,0.51199749809453909
6.8519633063391313e-05,0.00088745980753244928,0.00056435421858191557,-0.0019671389426041139,-0.011802833655624683,0.011802833655624683,0.078685557704164563
0.0019696138382072959,0.00053515034847649459,0.0020806590690869522,-0.011611322235035564,-0.069667933410213378,0.069667933410213378,0.4644528894014226
0.0008682346878421107,0.00030980526111464934,0.0028317994081692114,-0.0077124259565960222,-0.046274555739576131,0.046274555739576131,0.30849703826384089
0.00059804708762018323,0.00093606705764116718,0.00029813818466261835,-0.0089752675968265624,-0.053851605580959375,0.053851605580959375,0.35901070387306255
0.0017401492971170565,0.00058112196844248547,0.001101759742349836,-0.011558140893636314,-0.069348845361817887,0.069348845361817887,0.4623256357454526
0.0018388111700081034,0.00015417599475899712,0.0025354963547413417,-0.0068449393821156885,-0.041069636292694132,0.041069636292694132,0.27379757528462756
0.0015478719269124317,0.00041614819046518104,0.0018090964201109797,-0.010209983964225606,-0.061259903785353634,0.061259903785353634,0.40839935856902432
0.0014424782379738655,0.00012724930437958649,0.0017294302735460104,-0.0057751037183630428,-0.034650622310178257,0.034650622310178257,0.23100414873452171
3.0579194144622877e-05,0.00049413251997018723,0.0014775885286607987,-0.00082055342270231783,-0.0049233205362139067,0.0049233205362139067,0.032822136908092714
0.00056038547971804366,0.00027033917043175625,3.3654224760328865e-05,-0.0060750649454624278,-0.036450389672774565,0.036450389672774565,0.24300259781849709
0.0016260714799445229,0.00016295384945486333,0.001877475079488974,-0.0068675998749316508,-0.041205599249589907,0.041205599249589907,0.27470399499726605
0.0019968334718068314,0.00076182256960476656,0.0016925690052155297,-0.012668965016563607,-0.07601379009938164,0.07601379009938164,0.5067586006625443
0.00056861178648016854,0.00031979544756581882,0.0024601563953943273,-0.006547352131186319,-0.039284112787117915,0.039284112787117915,0.26189408524745278
0.0015242228416739764,0.00095707748537430084,0.0017384351321421932,-0.012456751386051476,-0.074740508316308851,0.074740508316308851,0.49827005544205905
0.00023489721547203835,0.00069285640557549186,0.0018201686941075859,-0.0049606990452516287,-0.029764194271509774,0.029764194271509774,0.19842796181006514
0.0014979575659494549,0.00039207087984503576,0.0018532220482936836,-0.0099296543775529607,-0.059577926265317764,0.059577926265317764,0.39718617510211846
0.0007195537633226624,0.00029938326719764451,0.00053769439883080727,-0.0070743384112560851,-0.042446030467536512,0.042446030467536512,0.28297353645024342
0.00016401735157268302,0.00014980009720600259,0.0013195900514655261,-0.0021155949994386895,-0.012693569996632136,0.012693569996632136,0.084623799977547584
0.00035993917132907277,0.00035792769583444152,0.0023022807381928405,-0.0053704262895322864,-0.032222557737193722,0.032222557737193722,0.21481705158129144
0.0011397213803403322,0.00055863707820199562,0.00044491797203999615,-0.010236566786442336,-0.06141940071865401,0.06141940071865401,0.40946267145769344
0.00095019184971774611,2.4359446185546526e-05,0.0025521119251863647,-0.0014227837214230582,-0.0085367023285383495,0.0085367023285383495,0.056911348856922325
0.0013778064743190837,0.00057682491011819574,0.0026326625861275961,-0.010896530739651758,-0.065379184437910548,0.065379184437910548,0.43586122958607032
0.00070330222191402453,0.00022040286640667502,0.00093425642257295813,-0.006128424446963013,-0.03677054668177808,0.03677054668177808,0.24513697787852051
0.0011967327125912697,0.00017376627144629901,0.00094212986184687381,-0.0065581160795009762,-0.039348696477005854,0.039348696477005854,0.26232464318003906
0.00075741244235876188,0.00016173445786408009,0.0028305836956860854,-0.0053863845285906696,-0.03231830717154402,0.03231830717154402,0.21545538114362678
0.0015386962449035603,0.00029659661936888782,0.00078569670235825479,-0.0090155620020246786,-0.054093372012148075,0.054093372012148075,0.36062248008098718
2.3004789723424234e-05,0.00061273284923820173,0.0020823655938103027,-0.00066323272640262515,-0.0039793963584157507,0.0039793963584157507,0.026529309056105007
0.0011819611183510727,0.00026614486829125254,0.0021015653934274296,-0.0080244342527311177,-0.048146605516386706,0.048146605516386706,0.32097737010924471
0.0011792568956704684,0.00067483319784511823,0.0029521814705523695,-0.010834090619350211,-0.06500454371610126,0.06500454371610126,0.43336362477400842
0.00012576067536150521,0.00050209263129317473,0.00082724530739878026,-0.0028744583618334749,-0.017246750171000851,0.017246750171000851,0.11497833447333899
0.0015316666782939383,0.00036107172931525795,0.002125692847160326,-0.0097032428683698334,-0.058219457210218997,0.058219457210218997,0.38812971473479335
0.0012727123543644729,0.00096114754312222534,0.0028492602930847368,-0.011885696508314565,-0.071314179049887391,0.071314179049887391,0.47542786033258261
0.0019008510963009532,0.00093524653242641907,0.0028370041106522683,-0.013045141387376752,-0.078270848324260511,0.078270848324260511,0.52180565549507008
0.00038242052847349767,0.0002109818845250108,0.0013509310016623906,-0.0044495703547428513,-0.026697422128457108,0.026697422128457108,0.17798281418971404
0.00085565410855377151,0.00047207532166515542,0.0013949487669901168,-0.0088669179599668319,-0.053201507759800995,0.053201507759800995,0.35467671839867326
0.0017312849505426709,0.00056301546337247737,0.0022576983587017313,-0.011450659401318468,-0.068703956407910813,0.068703956407910813,0.45802637605273877
0.001889077877265586,0.00035420232695424582,0.0020225895791521338,-0.010107240878096342,-0.060643445268578053,0.060643445268578053,0.40428963512385369
0.0013736701689228395,0.00037471582881710638,0.0014082542541395049,-0.0095602269207065282,-0.057361361524239166,0.057361361524239166,0.38240907682826114
0.00071203292871972008,0.00095996029373946791,0.0022816306361366531,-0.00972357127257867,-0.058341427635472023,0.058341427635472023,0.38894285090314679
0.0014903312958147081,0.00059619519443147254,0.00081323692130174697,-0.011213891875736102,-0.067283351254416618,0.067283351254416618,0.4485556750294441
0.00091404998463176935,0.00093654408053887644,0.001660691022718207,-0.010653127351918154,-0.06391876411150893,0.06391876411150893,0.42612509407672622
0.001073831914871226,0.0003537714041753308,0.0018085858999743456,-0.0087176645712661472,-0.052305987427596887,0.052305987427596887,0.34870658285064587
0.0013577995142452608,0.00065107893657599691,0.0025262617881806021,-0.011182286185411526,-0.067093717112469156,0.067093717112469156,0.4472914474164611
0.0018607611765213265,0.00055096016310621947,0.0027612863940900162,-0.011565698768721011,-0.069394192612326072,0.069394192612326072,0.4626279507488405
2.7610254711540096e-05,0.00079539146694552251,0.00024725593416821223,-0.00083632329714671981,-0.0050179397828803186,0.0050179397828803186,0.033452931885868793
0.0014026914782335395,0.00022662948401862894,0.00028121390127859558,-0.0078323002051202475,-0.046993801230721485,0.046993801230721485,0.3132920082048099
0.0018299883453180134,4.7227753771390703e-05,0.0014934007206068686,-0.0030007142322520624,-0.018004285393512374,0.018004285393512374,0.12002856929008249
0.00075492357463490401,0.00081225344376668711,0.0011293005420796691,-0.009654238062030078,-0.057925428372180468,0.057925428372180468,0.38616952248120312
0.0004813011558424789,0.00089191458113767233,0.00024478557173977176,-0.0080127056364674622,-0.04807623381880477,0.04807623381880477,0.3205082254586985
0.0011438230942967663,5.4847282372826678e-05,0.00061476802488865453,-0.0029950831634221737,-0.017970498980533042,0.017970498980533042,0.11980332653688694
6.9764090582441184e-05,0.00087942688547352284,0.0022077691605831523,-0.0019951399564987799,-0.01197083973899268,0.01197083973899268,0.079805598259951191
0.0016118449166944173,0.00048364041849115934,0.00048658978250693007,-0.010799063226728276,-0.064794379360369664,0.064794379360369664,0.43196252906913113
0.00098133303000369184,8.4285491129840976e-05,0.0022687180906830438,-0.003928184087503353,-0.023569104525020118,0.023569104525020118,0.15712736350013412
0.0013305509477146875,0.00025870483917829641,0.0020911018387522891,-0.0081988117398956867,-0.04919287043937412,0.04919287043937412,0.32795246959582752
0.0015614699241443659,0.00017765868726154317,4.7772900233169495e-06,-0.0071264556338816575,-0.042758733803289942,0.042758733803289942,0.28505822535526631
4.9020003303804172e-05,0.00052784062483481867,0.0017030304118626598,-0.0012950355302386925,-0.0077702131814321555,0.0077702131814321555,0.051801421209547706
0.00038748834837380866,0.00099564270063067905,0.00072881076707025007,-0.0072715681866928374,-0.043629409120157024,0.043629409120157024,0.29086272746771352
0.00084115454117282779,0.00040129073798072628,2.4958190477133437e-06,-0.0083714673348963889,-0.050228804009378333,0.050228804009378333,0.33485869339585561
0.0012236264252984165,0.00069159050179918116,0.00077778334319989612,-0.011013346069906742,-0.066080076419440456,0.066080076419440456,0.44053384279626973
0.00073945947993201853,0.00030760284096983297,0.0028245552817622367,-0.0072306666706877225,-0.043384000024126332,0.043384000024126332,0.28922666682750892
0.00056361993940833011,0.00014255472871867688,0.002750085389988513,-0.0044104361097185444,-0.026462616658311268,0.026462616658311268,0.1764174443887418
6.0178157187884595e-05,0.00097929517475377377,0.0022052461815403189,-0.001784160016803563,-0.010704960100821378,0.010704960100821378,0.071366400672142519
0.00086051195426369465,0.00088656945357379346,0.00049104050147658605,-0.010321428623328676,-0.061928571739972058,0.061928571739972058,0.41285714493314707
0.0018798089345420329,0.00010806684055424581,0.00077322146465028802,-0.0055417778747973261,-0.033250667248783956,0.033250667248783956,0.22167111499189307
6.9669373003108191e-05,0.00025852870179245998,0.00033525443698274561,-0.0013790857348799305,-0.0082745144092795826,0.0082745144092795826,0.055163429395197215
0.0012040510287692617,0.0005472403839005028,0.0026907351137873134,-0.010349279046729746,-0.062095674280378474,0.062095674280378474,0.41397116186918986
0.00041606565479565359,0.00074770874200775714,0.00028675110097445034,-0.0071667595487105214,-0.043000557292263125,0.043000557292263125,0.28667038194842087
0.0019436696820571975,0.0003140568045977027,0.0016923894052731712,-0.0097186748100382206,-0.058312048860229324,0.058312048860229324,0.38874699240152882
0.0016153496700913011,6.0271415031715544e-05,0.0016695286964101398,-0.0035367086976415239,-0.021220252185849144,0.021220252185849144,0.14146834790566096
0.00043966280178038694,0.00027660194328508531,0.0029994306419372273,-0.0054309662268585629,-0.032585797361151379,0.032585797361151379,0.21723864907434251
0.0019426935374846801,0.00056881017156469203,0.0026614514869636417,-0.011768294854609175,-0.070609769127655056,0.070609769127655056,0.47073179418436706
0.00062921394022419331,0.00086277078092813662,0.00018997763876989183,-0.009047069435692565,-0.054282416614155393,0.054282416614155393,0.36188277742770264
0.0013841787100284087,2.9284487571305195e-05,0.0028439718516367943,-0.0018765624608365567,-0.01125937476501934,0.01125937476501934,0.075062498433462271
0.00053084609392510139,0.00071448888253718504,0.0013375740363254917,-0.0080467746213924076,-0.048280647728354442,0.048280647728354442,0.32187098485569632
0.00059133572352023506,0.00061204943731094324,0.0021956017866045585,-0.0081678879927757093,-0.049007327956654259,0.049007327956654259,0.32671551971102841
0.00013700245677492678,0.00033683305090014936,0.0024496153057806877,-0.0026989366853912258,-0.016193620112347356,0.016193620112347356,0.10795746741564903
0.00059494659885375863,0.00047097649317780877,0.00011921080468528601,-0.0076279347444494416,-0.045767608466696648,0.045767608466696648,0.30511738977797764
0.00082636093396563112,4.8902755208588354e-05,0.00045247146364905423,-0.0024481705863786938,-0.014689023518272164,0.014689023518272164,0.097926823455147749
6.3980167753004366e-05,0.00049501218191929947,0.00077250758329323389,-0.0016159763766168875,-0.0096958582597013246,0.0096958582597013246,0.064639055064675502
3.3352909504382392e-05,0.00077170783220974497,0.0018517000325952988,-0.00099326757201677915,-0.0059596054321006744,0.0059596054321006744,0.039730702880671168
3.0710049741772945e-05,0.00031956103330325631,0.0018529136584421269,-0.00071182043037834695,-0.0042709225822700819,0.0042709225822700819,0.028472817215133877
0.0017614470232505688,0.00056546868393933113,0.0021641780454744039,-0.011507852683001217,-0.069047116098007302,0.069047116098007302,0.46031410732004874
0.00083556677001117477,0.00067642847376808278,0.00091429569349552389,-0.0096571939300223019,-0.057943163580133808,0.057943163580133808,0.38628775720089209
0.0018338442909855497,0.00012639001930490947,0.0019017548737438317,-0.0060855030717006852,-0.03651301843020411,0.03651301843020411,0.24342012286802742
0.00096474474921963264,0.00042568969630499325,0.0010935815010268898,-0.0089621994454504687,-0.053773196672702812,0.053773196672702812,0.35848797781801878
0.0011225953528007733,0.00029790988473041671,0.0018799327120346389,-0.0082789864767256541,-0.049673918860353924,0.049673918860353924,0.33115945906902622
0.00075004292871822789,0.00024054485467372256,0.0020220565074372471,-0.0065523505981237868,-0.039314103588742724,0.039314103588742724,0.26209402392495146
0.0015625518661946409,0.00060130130890410059,0.0014519938992215925,-0.011369879349618001,-0.068219276097708004,0.068219276097708004,0.45479517398472002
0.00069294072826971132,5.5104341599816406e-05,0.0015377983152548192,-0.0025094305771539327,-0.015056583462923597,0.015056583462923597,0.10037722308615732
0.0016174551786757802,0.00051864884246055187,0.00038521947555978411,-0.011025662815581863,-0.066153976893491173,0.066153976893491173,0.44102651262327452
0.00078920823392305758,0.00072605024701239893,0.00015747911164324101,-0.0095991031450329365,-0.057594618870197622,0.057594618870197622,0.38396412580131745
0.00026306864059162861,0.00022283466362617481,0.0019600855066794274,-0.0036336880166993259,-0.021802128100195956,0.021802128100195956,0.14534752066797305
0.00084079404386517751,4.3788636229921572e-05,0.0024827503020419367,-0.0022527111664460615,-0.01351626699867637,0.01351626699867637,0.09010844665784247
6.8156057514968932e-05,0.00086485190611059913,0.0022877807171889117,-0.0019485849742589304,-0.011691509845553583,0.011691509845553583,0.077943398970357222
0.00078082764884951676,0.00085470044516816981,0.0010589889570535827,-0.009880508262258671,-0.05928304957355203,0.05928304957355203,0.39522033049034683
0.00078002880936961668,0.0003457445862848323,0.0022495111214203539,-0.0077212363531659316,-0.046327418118995586,0.046327418118995586,0.30884945412663728
0.001418061023120419,0.00085130737627104973,0.0020865506127951245,-0.01197344656947583,-0.071840679416854986,0.071840679416854986,0.47893786277903322
0.0019976746172541701,0.00023411191978562506,0.00075301471696943378,-0.0086266206828749473,-0.051759724097249687,0.051759724097249687,0.34506482731499788
0.00031947828417934124,0.00020724441863524871,0.0020431470932383757,-0.0039679079800348056,-0.023807447880208832,0.023807447880208832,0.15871631920139223
0.0012225100861468774,0.00071471523673855854,0.0012048328993258383,-0.011090925814588514,-0.066545554887531083,0.066545554887531083,0.44363703258354054
0.0016760894871978081,0.00013936655504169764,0.0017811638831172882,-0.0063261570896108454,-0.037956942537665073,0.037956942537665073,0.25304628358443382
0.001367128409615094,0.00036275161262838961,0.0029571049244547327,-0.0094396897425760469,-0.056638138455456281,0.056638138455456281,0.3775875897030419
0.00047470038092858055,0.00065172226347547785,0.0023112176724276456,-0.007453203816793777,-0.044719222900762662,0.044719222900762662,0.29812815267175108
0.00084539059570358087,0.00026923274961205803,0.0028851252735298295,-0.0072107193282653541,-0.043264315969592126,0.043264315969592126,0.28842877313061416
0.0018665689314963973,1.6273224315280921e-05,0.0017318520022279972,-0.0011869316911761213,-0.0071215901470567285,0.0071215901470567285,0.047477267647044859
0.0010454341452512653,0.00091065157932324623,0.0011034460415112763,-0.011093040011873893,-0.066558240071243363,0.066558240071243363,0.44372160047495574
0.0013552814579283166,0.00033087571826814088,0.0025821840758301494,-0.009105875824849138,-0.054635254949094825,0.054635254949094825,0.36423503299396554
0.00062432508828575209,0.00027251500438974337,0.00061446276333410228,-0.0064050672878111677,-0.038430403726867006,0.038430403726867006,0.25620269151244673
0.0015870315572549655,0.000524375548794355,7.9013993616023902e-05,-0.011009439079552315,-0.066056634477313886,0.066056634477313886,0.44037756318209265
0.001128861218926471,0.00083419235166042667,0.0026286310178608436,-0.011180245697911106,-0.067081474187466628,0.067081474187466628,0.4472098279164442
0.0015756262058674213,0.00042204917914609761,0.00066597724873017317,-0.010300833903543527,-0.061805003421261162,0.061805003421261162,0.41203335614174114
0.00056749197070327518,0.0005343861172718014,0.0026712618641741696,-0.0077367009189852542,-0.046420205513911524,0.046420205513911524,0.30946803675941015
0.00047222391701167777,0.00078586504062982498,0.0016941538853309549,-0.0077435869146423725,-0.046461521487854235,0.046461521487854235,0.3097434765856949
0.00036965064306392114,0.00096824731733753677,0.00090494681069316863,-0.0070457649245537057,-0.042274589547322231,0.042274589547322231,0.28183059698214824
0.0011943885260011495,0.00062717172665198797,0.0021292598108572664,-0.010689401920244011,-0.064136411521464071,0.064136411521464071,0.42757607680976045
0.00016727306563035901,0.0008189171793603965,0.0013161571886777404,-0.0040295218423066353,-0.024177131053839812,0.024177131053839812,0.16118087369226541
0.00069770598522420546,0.00024150039763007572,0.0009172550902722097,-0.0063729274651304416,-0.038237564790782649,0.038237564790782649,0.25491709860521766
0.0013320614733168797,0.00023679248058167384,0.0020918338462684663,-0.0078832804142048296,-0.047299682485228978,0.047299682485228978,0.31533121656819324
0.00056277622148050838,0.00011310442015438476,0.00063653110171368529,-0.0038257297213405116,-0.022954378328043069,0.022954378328043069,0.15302918885362046
0.00052668174352376868,0.000279346308982117,0.0009788920557318398,-0.0059791021137789507,-0.035874612682673702,0.035874612682673702,0.23916408455115803
0.00047578191773435167,0.00024093708856086306,3.1743638257746843e-05,-0.0053285885857199105,-0.031971531514319459,0.031971531514319459,0.21314354342879641
0.00095185905657964765,0.00081650016355592451,0.0011834159832273729,-0.010532391823934782,-0.063194350943608688,0.063194350943608688,0.42129567295739129
0.0015149461871707391,0.0009550888363628558,0.0017660877310238983,-0.012433463745834627,-0.07460078247500776,0.07460078247500776,0.4973385498333851
0.00053489562104564283,0.00011961866006440685,0.001613727963863827,-0.0038687377895231675,-0.023212426737139004,0.023212426737139004,0.1547495115809267
0.001069029266082256,0.00065992940002037041,0.0016297910427912684,-0.010457388088960849,-0.06274432853376509,0.06274432853376509,0.41829552355843397
0.0019810790214730557,0.0009899423806350666,0.00065633370937594789,-0.013285416768309003,-0.07971250060985402,0.07971250060985402,0.5314166707323601
0.0010072089153880398,0.00092474506753288373,0.0028446406863825375,-0.010988642104763715,-0.065931852628582283,0.065931852628582283,0.43954568419054857
0.00054688852542682785,0.00021835147704907953,6.2374882275455842e-05,-0.0054530966443632322,-0.03271857986617939,0.03271857986617939,0.21812386577452927
0.0016791159903406438,0.00059584398984245072,0.0021255907279882614,-0.011538117776953918,-0.06922870666172351,0.06922870666172351,0.46152471107815674
0.0018113934172026324,0.00068911545178299461,0.00050797362225599759,-0.012147942816909171,-0.072887656901455017,0.072887656901455017,0.48591771267636685
0.0014953938301059155,2.7454975788681924e-05,0.00016436031015758991,-0.0018091833334565773,-0.010855100000739464,0.010855100000739464,0.07236733333826309
0.00065761242579773465,8.9090214520954903e-05,0.0024622375074958417,-0.0035013331840719202,-0.021007999104431522,0.021007999104431522,0.14005332736287682
0.0010060798231713546,0.00072557691619989982,0.0010468907360648629,-0.010473344458317687,-0.062840066749906123,0.062840066749906123,0.41893377833270745
0.00064968554833690366,0.00051564971631598458,0.00071564815496674196,-0.0081434495366244,-0.048860697219746396,0.048860697219746396,0.32573798146497601
0.0018463368282793187,0.00068160344686411789,0.002786807701408993,-0.012167716132945629,-0.073006296797673773,0.073006296797673773,0.48670864531782515
3.128626017352345e-05,0.00011950238244696737,0.0010091510493591388,-0.00044051177968415913,-0.002643070678104955,0.002643070678104955,0.017620471187366364
0.0017495638273072726,0.0002034027163078105,0.0010373021409153466,-0.0078429491051032335,-0.047057694630619401,0.047057694630619401,0.31371796420412934
0.0005301495270988748,0.00078506629424434954,0.0024278383290378099,-0.0082029295040300793,-0.049217577024180476,0.049217577024180476,0.32811718016120323
0.00030193749060795921,0.00039125237089659764,0.0024334294038171104,-0.0049829967828979782,-0.029897980697387867,0.029897980697387867,0.19931987131591911
0.0016809349948565867,0.0004948641497240987,0.0028028473727006436,-0.010978026637881179,-0.065868159827287068,0.065868159827287068,0.43912106551524716
0.0015858860395442072,0.00077085172980681559,0.00051045917661212228,-0.012073392979859958,-0.072440357879159742,0.072440357879159742,0.48293571919439832
8.9896509330498101e-05,9.2755524879352291e-05,0.0018449456012486884,-0.00096567655002550567,-0.0057940593001530342,0.0057940593001530342,0.038627062001020229
0.00059686096046125182,0.00012497344486444073,0.0028958347943900033,-0.0041852504990175813,-0.025111502994105486,0.025111502994105486,0.16741001996070326
0.0001972212939957986,0.000506006148658336,9.7775647287326798e-05,-0.0040547162524459893,-0.024328297514675936,0.024328297514675936,0.16218865009783959
0.001496644691773872,0.00065545255104848966,0.0011412048775004961,-0.011486646338139686,-0.068919878028838116,0.068919878028838116,0.4594658535255875
0.0018089522731484355,0.00033698856836709501,0.0012374747644027602,-0.0098331412252634608,-0.058998847351580765,0.058998847351580765,0.39332564901053846
0.00058974102363579305,0.00052071683015664856,0.0026774323489064688,-0.0078199681741829771,-0.046919809045097863,0.046919809045097863,0.31279872696731909
0.00071824798168123986,0.00075497386919987986,0.00012554868725428003,-0.0093220009203521959,-0.055932005522113179,0.055932005522113179,0.37288003681408782
7.5833672206713961e-05,0.0008666777439399287,0.00093631227746544907,-0.002140027903956294,-0.012840167423737763,0.012840167423737763,0.085601116158251764
0.00020996077943921654,0.00025847785413447253,0.0004777902401609241,-0.0033345619577774578,-0.020007371746664747,0.020007371746664747,0.13338247831109831
0.00013741483106940639,0.00073615304978295708,0.0018107961703898482,-0.0033904918043748959,-0.020342950826249376,0.020342950826249376,0.13561967217499585
0.0014511394811601421,0.00022311409051558795,0.0023899541229731856,-0.0078436886618832476,-0.047062131971299485,0.047062131971299485,0.31374754647532993
0.00042289866339109027,0.00048138388423626179,0.00071724028279004763,-0.0064745856507918498,-0.038847513904751101,0.038847513904751101,0.25898342603167401
0.00093761531861881052,0.00074029411471101397,0.0024190548439617242,-0.01026957750654167,-0.061617465039250016,0.061617465039250016,0.41078310026166681
0.00054847433651613339,0.00032634952997144431,0.0026237765344768911,-0.0064869007685778987,-0.03892140461146739,0.03892140461146739,0.25947603074311598
0.0010442321349335086,0.0006210244620145093,0.00057378820720369766,-0.010229798380244608,-0.06137879028146765,0.06137879028146765,0.40919193520978431
0.0011136321800697315,0.00027705339605307687,0.0020664964801665542,-0.0080161107285659748,-0.048096664371395849,0.048096664371395849,0.32064442914263902
0.00070012959529930862,0.00062648288135142916,0.0028383888532589421,-0.0088441404744005539,-0.053064842846403323,0.053064842846403323,0.35376561897602221
0.00053415450790850162,0.00049524494006309241,0.0022151645174029507,-0.0073585742166009105,-0.044151445299605463,0.044151445299605463,0.29434296866403642
0.0018169731768809664,0.00042769693679919917,0.00011343795698314341,-0.010686700449565002,-0.064120202697390008,0.064120202697390008,0.42746801798260003
0.0018711084255069574,0.00013676475889165603,0.0002529101297772005,-0.006409514029427737,-0.038457084176566424,0.038457084176566424,0.2563805611771095
0.00093990844278868456,0.00039382778473355014,0.0002918603347140011,-0.0086581779335800999,-0.051949067601480603,0.051949067601480603,0.34632711734320404
0.00080176751144240719,0.00078961559339878944,0.00061068285501636693,-0.0098286576404580279,-0.058971945842748168,0.058971945842748168,0.39314630561832115
0.0010412619283279518,0.0001800600531769849,0.001580766604741363,-0.0064014548062566127,-0.03840872883753968,0.03840872883753968,0.25605819225026449
0.0010880585942168257,0.00078236410922554399,0.0027844896078274605,-0.010913201872338275,-0.065479211234029652,0.065479211234029652,0.43652807489353102
0.0019155876540915683,0.00082518247941070063,0.0026218499360626847,-0.012766094256126534,-0.076596565536759198,0.076596565536759198,0.51064377024506136
0.00087268843047268684,0.00092167624530818117,0.0028858494892354761,-0.010447878479638673,-0.062687270877832046,0.062687270877832046,0.41791513918554701
0.00069338990685818304,0.00052738035410619416,0.0022992156640942356,-0.0084253418581508432,-0.050552051148905056,0.050552051148905056,0.33701367432603374
0.0019003478694813833,0.00051613314509046872,0.0023013684479332983,-0.011411872017012202,-0.068471232102073218,0.068471232102073218,0.45647488068048814
0.0013008186832071476,0.00048620335991150424,0.00020043545948561438,-0.010236273692969854,-0.061417642157819127,0.061417642157819127,0.40945094771879414
0.00027688976529558705,0.00055835067338472623,0.001164711609106918,-0.0052482494173082149,-0.031489496503849287,0.031489496503849287,0.2099299766923286
0.0010986096287841063,0.00087274638049204551,0.0027700815177646616,-0.011182063926472733,-0.067092383558836399,0.067092383558836399,0.44728255705890929
0.0016389566311391874,0.00056356338454911282,0.00068047304124174658,-0.011310795560829619,-0.067864773364977718,0.067864773364977718,0.45243182243318475
0.001133684767338144,0.0005704368626614501,0.0025347216332458201,-0.01027601136492561,-0.061656068189553659,0.061656068189553659,0.41104045459702448
0.00053484306831458231,0.00078183109912608058,0.0023816144464721659,-0.0082311028757161807,-0.049386617254297084,0.049386617254297084,0.32924411502864726
0.00073210806491095127,0.0003148973348364309,0.0020836054755381853,-0.007267829451563448,-0.043606976709380685,0.043606976709380685,0.29071317806253794
0.0014622322406788698,3.8615421059424322e-05,0.0025455354822957587,-0.0024118939665964704,-0.014471363799578823,0.014471363799578823,0.096475758663858824
0.0011175446513015878,0.00093065616894543498,0.0019731963386130755,-0.01137358312050332,-0.068241498723019919,0.068241498723019919,0.45494332482013289
4.2051116986375707e-05,0.00039081942541891915,0.0018846890128980634,-0.001026333876905755,-0.0061580032614345298,0.0061580032614345298,0.041053355076230202
0.00064888456596577757,0.0004947350672722539,0.0019038550658525817,-0.0080440455049098775,-0.048264273029459265,0.048264273029459265,0.3217618201963951
0.0014831665304228007,0.00047756237657149995,0.0019737683760540311,-0.010542450000770219,-0.063254700004621314,0.063254700004621314,0.42169800003080876
0.00013216248656909517,0.0007105865231003956,0.0010345662930014044,-0.0032629109715284705,-0.019577465829170825,0.019577465829170825,0.13051643886113881
0.00081010320177397758,0.00022376789342952807,0.0015471164140536131,-0.0065303214585772096,-0.039181928751463257,0.039181928751463257,0.26121285834308838
0.0011207237391231398,0.00026367717453679558,0.00095465659927439304,-0.00786459553617074,-0.047187573217024437,0.047187573217024437,0.31458382144682961
0.0006122144147082013,0.00024337517786026611,6.4339843061884011e-05,-0.0060429629759107036,-0.036257777855464218,0.036257777855464218,0.24171851903642816
0.0013752342502841913,0.00072316851101537297,0.0017433129317549448,-0.011489726051024048,-0.068938356306144283,0.068938356306144283,0.45958904204096196
0.00013945267484834399,0.00043760253039029065,0.0018428754086893743,-0.0029934928754569647,-0.017960957252741789,0.017960957252741789,0.1197397150182786
0.0018706138201106893,0.00099695725045648425,0.0029748147160165322,-0.013144716344925025,-0.078868298069550147,0.078868298069550147,0.52578865379700102
0.0015150044660658117,0.00088510890620890686,0.0022549629583115604,-0.012265670065915614,-0.073594020395493689,0.073594020395493689,0.49062680263662456
0.0017535228541978891,0.0009675148526378008,0.0023104605489766461,-0.012896583843212997,-0.077379503059277988,0.077379503059277988,0.51586335372851988
0.001048975499029284,0.00021688617419731029,0.0011940561566255584,-0.0070463655159073236,-0.042278193095443943,0.042278193095443943,0.28185462063629296
0.00093629225516836173,0.00021415614015232002,0.00016309549443062877,-0.0067416318746243778,-0.040449791247746267,0.040449791247746267,0.26966527498497511
0.00062436127553293342,0.00076368353383181754,0.002905085243600997,-0.0088011427198026147,-0.052806856318815688,0.052806856318815688,0.35204570879210462
0.00021008389909293795,0.00065111555389202617,0.0009500270732035193,-0.0045267096835795622,-0.027160258101477375,0.027160258101477375,0.18106838734318248
0.0010389473982504831,0.00031283932009648716,0.0026819119041303729,-0.0082364448986852606,-0.049418669392111564,0.049418669392111564,0.32945779594741043
0.00062658913370328823,0.00039446907966875558,0.00081055349117627607,-0.0073812683249318122,-0.04428760994959087,0.04428760994959087,0.2952507329972725
0.0017302000274779883,2.6018961947831429e-05,0.0024869273234421996,-0.0017861897111216779,-0.010717138266730068,0.010717138266730068,0.071447588444867122
0.00033633362892977698,0.0009785612884900144,0.00097746969137336515,-0.0066781564336135229,-0.040068938601681134,0.040068938601681134,0.26712625734454093
9.1790568571583139e-05,0.00011734464467991627,0.00081786464972036872,-0.0011470757976559029,-0.0068824547859354171,0.0068824547859354171,0.045883031906236119
0.0015791168031444986,0.00080507175466912816,0.00038618328871118133,-0.012167542837155517,-0.073005257022933104,0.073005257022933104,0.48670171348622071
0.0019610022195702265,0.00046536318808414287,0.0026184757197477422,-0.011146264179758916,-0.066877585078553486,0.066877585078553486,0.44585056719035665
0.00086941935981474936,0.00072695153021345266,0.0022271427072556044,-0.0099579804275624507,-0.059747882565374708,0.059747882565374708,0.39831921710249801
0.0017430329238584173,8.5976485740336793e-05,0.0022980403866836798,-0.0046724999174259782,-0.028034999504555867,0.028034999504555867,0.18689999669703913
0.0014400669188053676,0.00052962439760571509,0.0009799271336892075,-0.010776173982977096,-0.064657043897862573,0.064657043897862573,0.43104695931908382
0.0015749523668191351,0.00047494288635811061,0.0017390578463896934,-0.010682272453943879,-0.064093634723663279,0.064093634723663279,0.42729089815775512
0.0011830697318550051,0.00070294372382985221,0.00019098808463294893,-0.010944554879970762,-0.065667329279824577,0.065667329279824577,0.43778219519883049
0.001018156976345479,0.00014941583370394276,0.001000817950209657,-0.005735642825520422,-0.034413856953122532,0.034413856953122532,0.22942571302081688
0.001263185526800758,0.00093746208808968975,0.0024685505915268842,-0.011809075723571941,-0.070854454341431644,0.070854454341431644,0.47236302894287763
0.0015956349058089869,0.0009924456054171151,0.00098472172102546441,-0.012674068088007721,-0.076044408528046323,0.076044408528046323,0.50696272352030891
0.0019010284191237575,0.00021682412149353697,0.0015402060880595487,-0.0082371325843481839,-0.049422795506089107,0.049422795506089107,0.3294853033739274
0.0017812887924303249,9.5862312205322709e-05,0.00124485632832402,-0.0050599044661183146,-0.030359426796709887,0.030359426796709887,0.20239617864473261
0.0014689711084960241,0.00054235413878681786,0.0025667490220479408,-0.010901235725188226,-0.065407414351129359,0.065407414351129359,0.43604942900752908
0.0018609623037253442,0.00044517587774166079,0.0006003534488560736,-0.01087757336242527,-0.065265440174551617,0.065265440174551617,0.43510293449701082
6.3492347150395569e-05,0.00064678341870768024,0.0012417269343632275,-0.0017212735208428005,-0.010327641125056804,0.010327641125056804,0.068850940833712015
3.1322843821435519e-05,0.00098398789562791598,0.0017977705134458689,-0.00097988517212038197,-0.0058793110327222918,0.0058793110327222918,0.039195406884815279
0.00051650535454364954,0.00072333871600061786,0.00282473619159545,-0.0079611502052869161,-0.047766901231721497,0.047766901231721497,0.31844600821147667
2.3328500587737838e-05,0.00072533979321096542,0.0027252307755402795,-0.000698847956607342,-0.0041930877396440525,0.0041930877396440525,0.027953918264293685
0.0011241833853052978,0.00089757449159940902,5.5667086206702022e-05,-0.011320577732665716,-0.067923466395994295,0.067923466395994295,0.45282310930662872
0.00040362233474560094,0.00061577740022733529,0.00051776134227872949,-0.0067432662108769248,-0.040459597265261549,0.040459597265261549,0.26973064843507699
0.001755575996797875,0.00033842179210661797,0.0016407239451527134,-0.0097842571288353254,-0.058705542773011953,0.058705542773011953,0.39137028515341299
0.00020120355680951335,0.00014889733946260001,0.00010149099521670613,-0.0024491242533097833,-0.0146947455198587,0.0146947455198587,0.097964970132391332
0.0015479684656240244,0.00027764722337949134,0.00034156586884482356,-0.0087872891421575932,-0.052723734852945556,0.052723734852945556,0.35149156568630374
0.00013034644380054635,0.00060517553742543207,0.0027101964728484147,-0.003108426969017889,-0.018650561814107333,0.018650561814107333,0.12433707876071556
0.0018778943957325814,0.00024401674502354489,0.0014186304118735261,-0.0086801829564104333,-0.052081097738462603,0.052081097738462603,0.34720731825641737
0.00073400371425628704,0.00027179908740181179,0.0025352591941437668,-0.0068533464064860867,-0.041120078438916519,0.041120078438916519,0.27413385625944348
0.0005644025027600611,0.00069392807302813943,0.0024669513630535228,-0.0082323707462141887,-0.049394224477285129,0.049394224477285129,0.32929482984856756
0.00064896684015560379,0.00080622186637615125,0.0012115329805250797,-0.0090511930806166964,-0.054307158483700178,0.054307158483700178,0.36204772322466783
0.0014130182434791919,0.00029813686547706437,0.0015454412570165496,-0.0088414938771375958,-0.053048963262825571,0.053048963262825571,0.35365975508550385
0.0017325390742426719,0.00093945924462116514,0.0029194455575999954,-0.012796556342753318,-0.076779338056519902,0.076779338056519902,0.51186225371013272
0.001342253229444135,0.00077551766953278044,0.00047010409462112137,-0.011584350356603502,-0.069506102139621009,0.069506102139621009,0.4633740142641401
0.00029003378986940971,0.00035771441327528939,0.00057094186779703404,-0.0047093123644974932,-0.028255874186984959,0.028255874186984959,0.18837249457989974
0.00075408009882203266,0.00047254914681611347,0.00015604381705986226,-0.0084497752243331628,-0.050698651345998977,0.050698651345998977,0.33799100897332651
0.00097918382949477214,0.000143568936905869,0.00028112568401788385,-0.0055324649536203736,-0.03319478972172224,0.03319478972172224,0.22129859814481495
0.00055294986164002209,0.0007854927019944278,0.001624592206255615,-0.0083713750502842788,-0.050228250301705676,0.050228250301705676,0.33485500201137119
0.0018694911733087435,0.00091388955155911563,2.8805823176226042e-05,-0.012946426238519835,-0.077678557431119011,0.077678557431119011,0.51785704954079337
0.0014171542838852405,0.00079604850096476549,0.0020077476676481952,-0.011815418474423871,-0.07089251084654323,0.07089251084654323,0.47261673897695489
0.0014060934412500059,0.0001015046533086412,0.002377802706805775,-0.0049669744281774777,-0.029801846569064865,0.029801846569064865,0.19867897712709912
0.0005039595691622926,0.00094287740599013621,0.0014729081947187366,-0.0082825687604118573,-0.049695412562471147,0.049695412562471147,0.33130275041647433
0.0010664992237163829,0.0003546924982793615,0.00055838660802631811,-0.0087068300229934826,-0.052240980137960899,0.052240980137960899,0.34827320091973929
0.00047270845932651157,0.00059775237773452205,0.00071398082115781863,-0.0072827245152979865,-0.043696347091787921,0.043696347091787921,0.29130898061191945
0.00065155697538807128,0.00030003100000444011,0.0011164703763313492,-0.0067899435495082728,-0.040739661297049638,0.040739661297049638,0.27159774198033093
0.0015553483452921428,0.00034807725574918216,0.0018826980103329428,-0.0096118303263757442,-0.057670981958254465,0.057670981958254465,0.38447321305502979
0.00050698442149355678,0.00031051299606587462,0.00091864100893362271,-0.0061245592118553379,-0.036747355271132029,0.036747355271132029,0.24498236847421354
0.0013682883580428322,2.0972983188761845e-05,0.0029214824015424746,-0.0013902238982275597,-0.0083413433893653587,0.0083413433893653587,0.055608955929102387
0.00049052035222893302,0.00056244416660066051,0.0012948878109579529,-0.0073062578398294994,-0.043837547038976993,0.043837547038976993,0.29225031359317999
0.0015886066480773481,0.00049772712901856265,0.00041645250064200159,-0.010851641024041373,-0.065109846144248237,0.065109846144248237,0.43406564096165495
0.00032854471965713348,0.00065731616395866296,0.00023252499993941833,-0.0060805355711674725,-0.036483213427004835,0.036483213427004835,0.2432214228466989
0.0017687524795225807,0.00039471177458219847,0.0027832174632191212,-0.010348644905307887,-0.062091869431847316,0.062091869431847316,0.41394579621231542
0.00011326972046785182,0.00097891824648732996,0.0014886766389655794,-0.0030672913942192672,-0.018403748365315602,0.018403748365315602,0.1226916557687707
0.0004346788883795163,0.00072122366896131159,0.00065054886856725851,-0.0072818376690135219,-0.043691026014081133,0.043691026014081133,0.29127350676054087
0.0013176554378865582,0.00075320196694979834,0.0024125988543225998,-0.011456364158177745,-0.068738184949066472,0.068738184949066472,0.45825456632710981
0.00072493944739219129,0.00030145107361618026,0.00010416061507872621,-0.0071154992440794901,-0.04269299546447694,0.04269299546447694,0.2846199697631796
0.00033446934978698448,0.00092141500523779476,0.0027168474944649916,-0.0065866539871254053,-0.039519923922752428,0.039519923922752428,0.26346615948501623
0.00030882024221265126,0.00076423209687565333,0.0029394147046142198,-0.0060523973553369909,-0.036314384132021947,0.036314384132021947,0.24209589421347963
0.0010506611487668867,0.00071169575459649557,0.0028184877207874273,-0.010578405377531625,-0.063470432265189752,0.063470432265189752,0.42313621510126503
0.00062229192074282689,5.8068924050799664e-05,0.00094998262201151178,-0.0024953208172074008,-0.014971924903244404,0.014971924903244404,0.099812832688296035
0.0018069345607283557,0.00053655076689743846,0.0027919399168399583,-0.011411566852059199,-0.068469401112355194,0.068469401112355194,0.45646267408236796
0.0014963556152378856,3.7397808177232237e-05,0.0026614088387981109,-0.0023615456896942245,-0.014169274138165346,0.014169274138165346,0.094461827587768984
0.00098493445433508,0.00017441749448361595,0.00046348367200512374,-0.006179651050413593,-0.037077906302481561,0.037077906302481561,0.24718604201654373
0.0013073205064009466,0.00069447385773651477,0.0020534412347499639,-0.011232208145003678,-0.067393248870022071,0.067393248870022071,0.4492883258001471
0.00045533886341823221,0.0003868590973931481,0.00026334593303992495,-0.0062838562623399128,-0.03770313757403948,0.03770313757403948,0.2513542504935965
0.00086797406612523678,0.00081977542005024048,0.00060467580589210819,-0.010201152342713068,-0.061206914056278407,0.061206914056278407,0.40804609370852274
0.0016169770381039717,0.0008223770129227229,0.0029883961896074473,-0.012287897700971018,-0.073727386205826112,0.073727386205826112,0.49151590803884071
0.0018060087467056617,6.11604358426055e-05,0.00048626792051185855,-0.0036681921881890471,-0.022009153129134283,0.022009153129134283,0.14672768752756188
0.00030567217029432031,0.00023561920499652462,0.0026617651699930443,-0.0041042253827069915,-0.024625352296241951,0.024625352296241951,0.16416901530827968
0.0006474834958165571,0.00069108670847789196,0.00275095873605409,-0.0087523529996548048,-0.052514117997928829,0.052514117997928829,0.35009411998619222
0.0015494768781087779,0.00045714869333927775,0.0025008821222061522,-0.010518792949960479,-0.063112757699762878,0.063112757699762878,0.42075171799841915
0.00058026568905282028,0.00087381993518945568,0.00034350316766616453,-0.008742120551348714,-0.052452723308092281,0.052452723308092281,0.34968482205394857
0.00068335023500680925,0.00087112557460656854,0.0012612863669585563,-0.0093929155477750284,-0.05635749328665017,0.05635749328665017,0.37571662191100114
0.0002047007929707065,0.00081090947462035242,0.0017951948753688828,-0.004660203356063642,-0.027961220136381852,0.027961220136381852,0.18640813424254568
0.0016739287715238122,0.00068712766784771782,0.0022844673198123638,-0.011928146687550616,-0.071568880125303699,0.071568880125303699,0.47712586750202463
0.00022952364412036247,0.00025538542367339634,0.0013546772978856266,-0.003528864922198179,-0.021173189533189075,0.021173189533189075,0.14115459688792717
0.0013529648081938613,0.00038332591172485952,0.0020315720417427591,-0.0095963534106175991,-0.057578120463705598,0.057578120463705598,0.38385413642470401
0.00019333303916757214,1.688139236800958e-05,0.00028871581145268601,-0.00043409036771660601,-0.0026045422062996358,0.0026045422062996358,0.017363614708664241
0.00053574932956259116,0.00069428845264195413,0.0021180959022710148,-0.008031548572272262,-0.048189291433633569,0.048189291433633569,0.3212619428908905
0.0018523025625520047,8.2407590234808903e-05,0.0008897012442007627,-0.0045955721744405133,-0.02757343304664308,0.02757343304664308,0.18382288697762053
0.00024909878273472226,0.00036485721691893492,0.0015909157123864322,-0.0042958268562284102,-0.025774961137370461,0.025774961137370461,0.17183307424913641
0.0015708789924641267,1.9043736415709182e-05,0.0024476483240866032,-0.0013189833939343419,-0.0079139003636060513,0.0079139003636060513,0.052759335757373682
0.00044211691617349096,6.3249191008015371e-05,0.0027896762427159758,-0.0022550192610365058,-0.013530115566219036,0.013530115566219036,0.090200770441460229
0.0016467559644137183,0.00076466683103171588,0.0022499401750007498,-0.012161061050412347,-0.072966366302474078,0.072966366302474078,0.48644244201649389
0.00067324079956148145,0.00028807587221751322,0.0026604097169135614,-0.0067738068980976399,-0.040642841388585843,0.040642841388585843,0.27095227592390558
0.0010827960604194546,0.00061063406984717761,0.0009183318380014241,-0.01030642105913632,-0.061838526354817923,0.061838526354817923,0.41225684236545279
0.0016289939496146029,0.00037481583470482048,0.00037971875233929451,-0.0099784766744091414,-0.059870860046454852,0.059870860046454852,0.3991390669763657
0.00018855907766919972,0.0005197165191173815,0.0029244392044710603,-0.0039549525996889368,-0.023729715598133621,0.023729715598133621,0.15819810398755749
0.0007650095180328011,0.000964989730205271,0.0019301488047635542,-0.010018521523528234,-0.060111129141169402,0.060111129141169402,0.40074086094112937
0.0018082287244514472,0.00035694618667534713,0.0024538409723309667,-0.01004139451267216,-0.060248367076032962,0.060248367076032962,0.40165578050688644
0.00053640261608980748,0.00037753110326617227,0.0027494745501863652,-0.0067665881090958569,-0.04059952865457514,0.04059952865457514,0.27066352436383428
0.0011400535575077689,0.00089728549319406225,0.0023474079958505289,-0.011368632505343309,-0.068211795032059847,0.068211795032059847,0.45474530021373244
0.0018231973688607817,0.00042326066049079477,0.0022098809956976398,-0.010658982855372782,-0.063953897132236689,0.063953897132236689,0.4263593142149113
0.0014122520604817911,0.00079392197681894502,0.0010501365799418789,-0.011798386136964422,-0.070790316821786534,0.070790316821786534,0.47193544547857691
0.0018349128622992127,0.00082582551954203296,0.00052564993201240421,-0.012652885077526974,-0.075917310465161841,0.075917310465161841,0.50611540310107894
0.0011127542372165262,0.0002229233518766783,0.00039504919861572252,-0.0072736928796755182,-0.043642157278053109,0.043642157278053109,0.29094771518702073
0.0013450840313241365,0.00024697700946853897,0.0024408526516167188,-0.0080562809744865824,-0.048337685846919498,0.048337685846919498,0.32225123897946334
0.0001382932654343241,0.00077238335225826007,0.0029434269320909104,-0.0034419626596979835,-0.020651775958187901,0.020651775958187901,0.13767850638791934
0.001887110613257233,0.00070521200192393051,0.0023863064216557549,-0.012317546218271854,-0.073905277309631118,0.073905277309631118,0.49270184873087419
0.00084687983565705455,0.00036615154010296387,0.0015057967468715887,-0.0081330063071273669,-0.048798037842764201,0.048798037842764201,0.3253202522850947
0.0010744747645394293,0.00023933285349403308,0.0010830497378488593,-0.0074353111772589072,-0.04461186706355344,0.04461186706355344,0.2974124470903563
0.0010689897058545595,0.00021251544926453606,0.00054889237643443672,-0.0070199450711982718,-0.042119670427189629,0.042119670427189629,0.28079780284793088
0.00063536304715756172,0.0007744212000478243,0.0012244700172843338,-0.0088950358432861049,-0.053370215059716633,0.053370215059716633,0.35580143373144424
0.0019171208511217345,0.00071422429180893093,0.00041977271471751733,-0.012392615691615776,-0.074355694149694659,0.074355694149694659,0.49570462766463108
0.0013180780340353662,0.00033098013796576195,0.0020723470244058337,-0.0090382064058405868,-0.054229238435043521,0.054229238435043521,0.3615282562336235
0.0010655486264187057,0.00017749259941618716,0.0017792248712831466,-0.0064004206194498434,-0.038402523716699062,0.038402523716699062,0.25601682477799376
0.00031398431009412725,0.00070622001851929159,0.0012974320825790231,-0.0060121288687145849,-0.036072773212287509,0.036072773212287509,0.2404851547485834
0.0014650282179060937,0.0004715321954249008,0.0014159037348485776,-0.010470121130481694,-0.062820726782890163,0.062820726782890163,0.41880484521926781
0.0012855492170996444,0.00059786216305693699,0.0020947573810318645,-0.010789966026188797,-0.064739796157132781,0.064739796157132781,0.43159864104755191
0.0018965760250764202,0.00035211509954569635,0.0016954123744137356,-0.010094017793853797,-0.06056410676312278,0.06056410676312278,0.4037607117541519
0.0011441413992240768,0.00029896710795789005,0.0013102941801060662,-0.0083391545659660705,-0.050034927395796423,0.050034927395796423,0.33356618263864285
0.00066521888401115798,0.00034408510963569017,0.00048660704085678634,-0.0072208128499753384,-0.043324877099852027,0.043324877099852027,0.28883251399901355
0.0012554966482989226,0.00052913727012365614,0.002827114411768986,-0.010380173274659182,-0.062281039647955089,0.062281039647955089,0.4152069309863673
0.00030540875266611472,0.00064685263604858018,0.00054233804395569429,-0.0057928547430410133,-0.034757128458246078,0.034757128458246078,0.23171418972164054
0.00046210859491998982,3.2596971161127968e-05,0.0014144825538992621,-0.0013462420156717958,-0.0080774520940307751,0.0080774520940307751,0.053849680626871829
